radius_um,refractive_index_label,wavelength_um,q_abs,q_sca,q_ext
5.0,weakly absorbing (m=1.5+0.3i),1.0,1.0189397872688726,1.1638811468924375,2.18282093416131
5.0,weakly absorbing (m=1.5+0.3i),1.2372881355932204,1.0430910027792377,1.1657769715555473,2.208867974334785
5.0,weakly absorbing (m=1.5+0.3i),1.4745762711864407,1.0660936881936118,1.1669187147767457,2.2330124029703575
5.0,weakly absorbing (m=1.5+0.3i),1.711864406779661,1.088130717241209,1.1675523104743688,2.2556830277155777
5.0,weakly absorbing (m=1.5+0.3i),1.9491525423728815,1.109338608983712,1.1678188053684244,2.2771574143521365
5.0,weakly absorbing (m=1.5+0.3i),2.1864406779661016,1.1298349641341023,1.16775086462894,2.2975858287630424
5.0,weakly absorbing (m=1.5+0.3i),2.423728813559322,1.1497172533170215,1.167595045427912,2.3173122987449335
5.0,weakly absorbing (m=1.5+0.3i),2.6610169491525424,1.1690523233613062,1.167572481972398,2.336624805333704
5.0,weakly absorbing (m=1.5+0.3i),2.898305084745763,1.1878606831786687,1.167438935663853,2.3552996188425217
5.0,weakly absorbing (m=1.5+0.3i),3.135593220338983,1.206124145837355,1.1667055107809983,2.3728296566183533
5.0,weakly absorbing (m=1.5+0.3i),3.3728813559322033,1.2237511256905298,1.165171899419901,2.3889230251104308
5.0,weakly absorbing (m=1.5+0.3i),3.610169491525424,1.2406674096778745,1.1631401481453105,2.403807557823185
5.0,weakly absorbing (m=1.5+0.3i),3.847457627118644,1.2571250252803423,1.1614247347077906,2.418549759988133
5.0,weakly absorbing (m=1.5+0.3i),4.084745762711865,1.2722946126679044,1.1610535419316492,2.4333481545995537
5.0,weakly absorbing (m=1.5+0.3i),4.322033898305085,1.2872618536523757,1.1625811601271108,2.4498430137794864
5.0,weakly absorbing (m=1.5+0.3i),4.559322033898305,1.3003583865185069,1.1669922276516191,2.467350614170126
5.0,weakly absorbing (m=1.5+0.3i),4.796610169491526,1.3139344910972939,1.1741426844590992,2.488077175556393
5.0,weakly absorbing (m=1.5+0.3i),5.033898305084746,1.3249652276377406,1.183805028313741,2.5087702559514815
5.0,weakly absorbing (m=1.5+0.3i),5.271186440677966,1.3356273949544386,1.1966871846590257,2.5323145796134643
5.0,weakly absorbing (m=1.5+0.3i),5.508474576271187,1.346766266033252,1.2108996597263912,2.5576659257596432
5.0,weakly absorbing (m=1.5+0.3i),5.745762711864407,1.3547771962009143,1.226159978133729,2.580937174334643
5.0,weakly absorbing (m=1.5+0.3i),5.983050847457627,1.3614392709909915,1.2432746443084708,2.6047139152994623
5.0,weakly absorbing (m=1.5+0.3i),6.220338983050848,1.3696696271440014,1.260789701539134,2.6304593286831355
5.0,weakly absorbing (m=1.5+0.3i),6.457627118644068,1.3774040959853924,1.2769666444758725,2.654370740461265
5.0,weakly absorbing (m=1.5+0.3i),6.694915254237288,1.3818681329606408,1.292091989984278,2.673960122944919
5.0,weakly absorbing (m=1.5+0.3i),6.932203389830509,1.3841117639653955,1.307125515624887,2.6912372795902826
5.0,weakly absorbing (m=1.5+0.3i),7.169491525423729,1.3870193588276425,1.3217367515656233,2.708756110393266
5.0,weakly absorbing (m=1.5+0.3i),7.406779661016949,1.3915035018297215,1.3345335462235655,2.726037048053287
5.0,weakly absorbing (m=1.5+0.3i),7.6440677966101696,1.3959443355941779,1.3445071596643943,2.740451495258572
5.0,weakly absorbing (m=1.5+0.3i),7.88135593220339,1.3982703604404436,1.3517844721190142,2.750054832559458
5.0,weakly absorbing (m=1.5+0.3i),8.11864406779661,1.39784114808512,1.357238400992195,2.755079549077315
5.0,weakly absorbing (m=1.5+0.3i),8.35593220338983,1.3956639887256206,1.3616481102739126,2.7573120989995332
5.0,weakly absorbing (m=1.5+0.3i),8.593220338983052,1.3933573317866266,1.3651755901706921,2.7585329219573187
5.0,weakly absorbing (m=1.5+0.3i),8.830508474576272,1.392024127283935,1.3674030355884264,2.7594271628723614
5.0,weakly absorbing (m=1.5+0.3i),9.067796610169491,1.3917773706485557,1.3677058112938232,2.759483181942379
5.0,weakly absorbing (m=1.5+0.3i),9.305084745762713,1.3919352305486286,1.36563022088792,2.7575654514365486
5.0,weakly absorbing (m=1.5+0.3i),9.542372881355933,1.3915331534485305,1.3610871869537446,2.752620340402275
5.0,weakly absorbing (m=1.5+0.3i),9.779661016949152,1.3898062117189256,1.3543414165046714,2.744147628223597
5.0,weakly absorbing (m=1.5+0.3i),10.016949152542374,1.386451836055415,1.3458707253741002,2.7323225614295152
5.0,weakly absorbing (m=1.5+0.3i),10.254237288135593,1.3816430991000206,1.3361917241166488,2.7178348232166694
5.0,weakly absorbing (m=1.5+0.3i),10.491525423728813,1.3758695735978579,1.3257239245754073,2.701593498173265
5.0,weakly absorbing (m=1.5+0.3i),10.728813559322035,1.3697196697436407,1.3147231873361773,2.684442857079818
5.0,weakly absorbing (m=1.5+0.3i),10.966101694915254,1.363696603384961,1.303280077839198,2.666976681224159
5.0,weakly absorbing (m=1.5+0.3i),11.203389830508474,1.3581122037433795,1.291360258381711,2.6494724621250905
5.0,weakly absorbing (m=1.5+0.3i),11.440677966101696,1.3530601816507404,1.2788614363258066,2.631921617976547
5.0,weakly absorbing (m=1.5+0.3i),11.677966101694915,1.3484473984527123,1.2656675425804735,2.614114941033186
5.0,weakly absorbing (m=1.5+0.3i),11.915254237288137,1.3440561512226021,1.2516891978484685,2.5957453490710707
5.0,weakly absorbing (m=1.5+0.3i),12.152542372881356,1.3396145557890775,1.2368866684582747,2.576501224247352
5.0,weakly absorbing (m=1.5+0.3i),12.389830508474576,1.3348592032424198,1.2212764110870957,2.5561356143295155
5.0,weakly absorbing (m=1.5+0.3i),12.627118644067798,1.3295811382768292,1.2049250817542587,2.534506220031088
5.0,weakly absorbing (m=1.5+0.3i),12.864406779661017,1.323651860732832,1.1879359599199604,2.5115878206527924
5.0,weakly absorbing (m=1.5+0.3i),13.101694915254237,1.3170303328359294,1.1704325505443332,2.4874628833802626
5.0,weakly absorbing (m=1.5+0.3i),13.338983050847459,1.3097548494203475,1.1525431106921367,2.462297960112484
5.0,weakly absorbing (m=1.5+0.3i),13.576271186440678,1.3019250702919394,1.1343884439429754,2.436313514234915
5.0,weakly absorbing (m=1.5+0.3i),13.813559322033898,1.2936796317181534,1.1160739169101213,2.4097535486282746
5.0,weakly absorbing (m=1.5+0.3i),14.05084745762712,1.2851738675693878,1.0976855652402677,2.3828594328096555
5.0,weakly absorbing (m=1.5+0.3i),14.288135593220339,1.276560744121864,1.079289499473275,2.355850243595139
5.0,weakly absorbing (m=1.5+0.3i),14.525423728813559,1.2679766078603947,1.0609335734677685,2.328910181328163
5.0,weakly absorbing (m=1.5+0.3i),14.76271186440678,1.2595320950891433,1.042650326728142,2.3021824218172853
5.0,weakly absorbing (m=1.5+0.3i),15.0,1.2513077090727667,1.0244604184357138,2.2757681275084805
5.0,moderately absorbing (m=1.7+0.5i),1.0,0.972264485201769,1.2191845866834758,2.191449071885245
5.0,moderately absorbing (m=1.7+0.5i),1.2372881355932204,0.9957470967126623,1.2229707499511033,2.2187178466637656
5.0,moderately absorbing (m=1.7+0.5i),1.4745762711864407,1.0180779427263345,1.2258102852748152,2.2438882280011496
5.0,moderately absorbing (m=1.7+0.5i),1.711864406779661,1.039452347135131,1.227952955766982,2.267405302902113
5.0,moderately absorbing (m=1.7+0.5i),1.9491525423728815,1.0600094716420132,1.2295635297039034,2.2895730013459166
5.0,moderately absorbing (m=1.7+0.5i),2.1864406779661016,1.0798534914266495,1.2307569992836846,2.310610490710334
5.0,moderately absorbing (m=1.7+0.5i),2.423728813559322,1.0990653499698122,1.2316191049545941,2.3306844549244063
5.0,moderately absorbing (m=1.7+0.5i),2.6610169491525424,1.1177069422811121,1.2322120091214945,2.3499189514026066
5.0,moderately absorbing (m=1.7+0.5i),2.898305084745763,1.1358302643872253,1.232578360746622,2.3684086251338474
5.0,moderately absorbing (m=1.7+0.5i),3.135593220338983,1.15348238078627,1.2327597684033544,2.3862421491896244
5.0,moderately absorbing (m=1.7+0.5i),3.3728813559322033,1.1706912117918067,1.2328124490100756,2.4035036608018823
5.0,moderately absorbing (m=1.7+0.5i),3.610169491525424,1.1874960359637916,1.2327726271223176,2.420268663086109
5.0,moderately absorbing (m=1.7+0.5i),3.847457627118644,1.2039663788504695,1.2326526601882701,2.4366190390387397
5.0,moderately absorbing (m=1.7+0.5i),4.084745762711865,1.2200058846973632,1.232412126423103,2.452418011120466
5.0,moderately absorbing (m=1.7+0.5i),4.322033898305085,1.2358306974428406,1.2319842427848477,2.4678149402276883
5.0,moderately absorbing (m=1.7+0.5i),4.559322033898305,1.251179420235523,1.231303843582907,2.48248326381843
5.0,moderately absorbing (m=1.7+0.5i),4.796610169491526,1.26626063719885,1.2304752348124022,2.4967358720112522
5.0,moderately absorbing (m=1.7+0.5i),5.033898305084746,1.2812235775024243,1.2293797546229461,2.5106033321253705
5.0,moderately absorbing (m=1.7+0.5i),5.271186440677966,1.2953256421423283,1.2282968285632934,2.5236224707056216
5.0,moderately absorbing (m=1.7+0.5i),5.508474576271187,1.3093478079766099,1.2275392671928786,2.5368870751694885
5.0,moderately absorbing (m=1.7+0.5i),5.745762711864407,1.3235927968457366,1.2269147532841824,2.550507550129919
5.0,moderately absorbing (m=1.7+0.5i),5.983050847457627,1.3367605791850672,1.2265973232320782,2.5633579024171453
5.0,moderately absorbing (m=1.7+0.5i),6.220338983050848,1.3488566517329883,1.2272461830575783,2.5761028347905666
5.0,moderately absorbing (m=1.7+0.5i),6.457627118644068,1.36136401958135,1.228979802776922,2.590343822358272
5.0,moderately absorbing (m=1.7+0.5i),6.694915254237288,1.3745019370650622,1.2312624502206757,2.605764387285738
5.0,moderately absorbing (m=1.7+0.5i),6.932203389830509,1.3867858822904424,1.2338477404536936,2.620633622744136
5.0,moderately absorbing (m=1.7+0.5i),7.169491525423729,1.3971724774187544,1.2372084594782276,2.634380936896982
5.0,moderately absorbing (m=1.7+0.5i),7.406779661016949,1.4063867209406857,1.2419357849961048,2.6483225059367905
5.0,moderately absorbing (m=1.7+0.5i),7.6440677966101696,1.415990534089285,1.2479987517306173,2.6639892858199024
5.0,moderately absorbing (m=1.7+0.5i),7.88135593220339,1.426730676485904,1.2547126322498097,2.6814433087357137
5.0,moderately absorbing (m=1.7+0.5i),8.11864406779661,1.437954497606337,1.2612984196463586,2.6992529172526956
5.0,moderately absorbing (m=1.7+0.5i),8.35593220338983,1.448277660438795,1.2674171100770708,2.715694770515866
5.0,moderately absorbing (m=1.7+0.5i),8.593220338983052,1.4566473202725165,1.2732943863707862,2.7299417066433027
5.0,moderately absorbing (m=1.7+0.5i),8.830508474576272,1.4629836366349422,1.2794516775262366,2.742435314161179
5.0,moderately absorbing (m=1.7+0.5i),9.067796610169491,1.468107444318359,1.286300086388491,2.75440753070685
5.0,moderately absorbing (m=1.7+0.5i),9.305084745762713,1.4731793364048749,1.2938702049313695,2.7670495413362444
5.0,moderately absorbing (m=1.7+0.5i),9.542372881355933,1.4790908968685554,1.3017935807909333,2.7808844776594888
5.0,moderately absorbing (m=1.7+0.5i),9.779661016949152,1.4861246258028808,1.309473920274768,2.795598546077649
5.0,moderately absorbing (m=1.7+0.5i),10.016949152542374,1.4939469718966232,1.3163138755542774,2.8102608474509005
5.0,moderately absorbing (m=1.7+0.5i),10.254237288135593,1.5018284612875612,1.3218926333246501,2.8237210946122113
5.0,moderately absorbing (m=1.7+0.5i),10.491525423728813,1.5089430821073766,1.3260501861652354,2.834993268272612
5.0,moderately absorbing (m=1.7+0.5i),10.728813559322035,1.5146308841856821,1.3288800947770374,2.8435109789627195
5.0,moderately absorbing (m=1.7+0.5i),10.966101694915254,1.5185586886977098,1.3306566947624863,2.849215383460196
5.0,moderately absorbing (m=1.7+0.5i),11.203389830508474,1.5207607004005548,1.3317317985898283,2.852492498990383
5.0,moderately absorbing (m=1.7+0.5i),11.440677966101696,1.5215772649817867,1.332434622383005,2.8540118873647917
5.0,moderately absorbing (m=1.7+0.5i),11.677966101694915,1.5215322080170017,1.3329992793055456,2.8545314873225474
5.0,moderately absorbing (m=1.7+0.5i),11.915254237288137,1.5211946109960128,1.333530410292,2.854725021288013
5.0,moderately absorbing (m=1.7+0.5i),12.152542372881356,1.521061739367359,1.3340045266469134,2.8550662660142723
5.0,moderately absorbing (m=1.7+0.5i),12.389830508474576,1.5214831269085465,1.334296452658357,2.8557795795669034
5.0,moderately absorbing (m=1.7+0.5i),12.627118644067798,1.5226294317793547,1.3342179237995548,2.8568473555789096
5.0,moderately absorbing (m=1.7+0.5i),12.864406779661017,1.524498587731474,1.3335573715797469,2.858055959311221
5.0,moderately absorbing (m=1.7+0.5i),13.101694915254237,1.5269470018820175,1.3321137635417455,2.859060765423763
5.0,moderately absorbing (m=1.7+0.5i),13.338983050847459,1.5297335110658077,1.3297211361704364,2.859454647236244
5.0,moderately absorbing (m=1.7+0.5i),13.576271186440678,1.5325662096599577,1.3262632305450357,2.8588294402049934
5.0,moderately absorbing (m=1.7+0.5i),13.813559322033898,1.5351453182264656,1.321679281691035,2.8568245999175006
5.0,moderately absorbing (m=1.7+0.5i),14.05084745762712,1.537198025645006,1.315962773623469,2.853160799268475
5.0,moderately absorbing (m=1.7+0.5i),14.288135593220339,1.5385034035766183,1.3091551758716893,2.8476585794483076
5.0,moderately absorbing (m=1.7+0.5i),14.525423728813559,1.5389070831360205,1.3013365744382617,2.840243657574282
5.0,moderately absorbing (m=1.7+0.5i),14.76271186440678,1.538326509953137,1.2926148543091396,2.8309413642622765
5.0,moderately absorbing (m=1.7+0.5i),15.0,1.5367483434881295,1.2831147653523665,2.819863108840496
5.0,strongly absorbing (m=2.0+1.0i),1.0,0.8838978194931595,1.3272584782411736,2.211156297734333
5.0,strongly absorbing (m=2.0+1.0i),1.2372881355932204,0.9068644492020939,1.3344901279045476,2.2413545771066414
5.0,strongly absorbing (m=2.0+1.0i),1.4745762711864407,0.9285164929025451,1.3405956878180256,2.2691121807205707
5.0,strongly absorbing (m=2.0+1.0i),1.711864406779661,0.9490954329382923,1.3458403361420694,2.294935769080362
5.0,strongly absorbing (m=2.0+1.0i),1.9491525423728815,0.968772549344493,1.3504005319216352,2.319173081266128
5.0,strongly absorbing (m=2.0+1.0i),2.1864406779661016,0.9876775434830289,1.3543998088748816,2.3420773523579106
5.0,strongly absorbing (m=2.0+1.0i),2.423728813559322,1.0059089859613817,1.357930822098028,2.3638398080594096
5.0,strongly absorbing (m=2.0+1.0i),2.6610169491525424,1.0235459511614486,1.3610598605323685,2.384605811693817
5.0,strongly absorbing (m=2.0+1.0i),2.898305084745763,1.040647204350699,1.3638438396252015,2.4044910439759004
5.0,strongly absorbing (m=2.0+1.0i),3.135593220338983,1.0572666217674855,1.366328110805443,2.4235947325729286
5.0,strongly absorbing (m=2.0+1.0i),3.3728813559322033,1.0734235820211573,1.3685512298989682,2.4419748119201254
5.0,strongly absorbing (m=2.0+1.0i),3.610169491525424,1.0891802304135443,1.3705188488807718,2.459699079294316
5.0,strongly absorbing (m=2.0+1.0i),3.847457627118644,1.104626127747633,1.3722865291096804,2.4769126568573134
5.0,strongly absorbing (m=2.0+1.0i),4.084745762711865,1.1195835840996606,1.3738619444944309,2.4934455285940915
5.0,strongly absorbing (m=2.0+1.0i),4.322033898305085,1.1344111192700825,1.3752602899136719,2.5096714091837544
5.0,strongly absorbing (m=2.0+1.0i),4.559322033898305,1.1487169149318208,1.3764685402966825,2.5251854552285034
5.0,strongly absorbing (m=2.0+1.0i),4.796610169491526,1.1628403054886214,1.3776321850951925,2.540472490583814
5.0,strongly absorbing (m=2.0+1.0i),5.033898305084746,1.1768689438849247,1.3785080855038125,2.5553770293887372
5.0,strongly absorbing (m=2.0+1.0i),5.271186440677966,1.1901984375296961,1.3793237051620526,2.5695221426917487
5.0,strongly absorbing (m=2.0+1.0i),5.508474576271187,1.2034714370454762,1.3801779430948407,2.583649380140317
5.0,strongly absorbing (m=2.0+1.0i),5.745762711864407,1.2169397782135947,1.3807552789866844,2.597695057200279
5.0,strongly absorbing (m=2.0+1.0i),5.983050847457627,1.2298356203907561,1.3810805336134453,2.6109161540042014
5.0,strongly absorbing (m=2.0+1.0i),6.220338983050848,1.2420049031282079,1.3814935017396959,2.6234984048679038
5.0,strongly absorbing (m=2.0+1.0i),6.457627118644068,1.2541983795649345,1.382040095969992,2.6362384755349266
5.0,strongly absorbing (m=2.0+1.0i),6.694915254237288,1.2668457803714877,1.382413291894516,2.6492590722660037
5.0,strongly absorbing (m=2.0+1.0i),6.932203389830509,1.279486049862207,1.3823947595431656,2.6618808094053725
5.0,strongly absorbing (m=2.0+1.0i),7.169491525423729,1.2913992740419227,1.3821167641766592,2.673516038218582
5.0,strongly absorbing (m=2.0+1.0i),7.406779661016949,1.3024051148164524,1.381909657640321,2.6843147724567733
5.0,strongly absorbing (m=2.0+1.0i),7.6440677966101696,1.3129972566438237,1.381990308358191,2.6949875650020148
5.0,strongly absorbing (m=2.0+1.0i),7.88135593220339,1.3238702148523698,1.382298772848461,2.706168987700831
5.0,strongly absorbing (m=2.0+1.0i),8.11864406779661,1.335376836004424,1.382570728413266,2.71794756441769
5.0,strongly absorbing (m=2.0+1.0i),8.35593220338983,1.3473234935079066,1.3825330568588423,2.729856550366749
5.0,strongly absorbing (m=2.0+1.0i),8.593220338983052,1.3591383165325794,1.3820706022153657,2.741208918747945
5.0,strongly absorbing (m=2.0+1.0i),8.830508474576272,1.370215504616974,1.381283298278976,2.75149880289595
5.0,strongly absorbing (m=2.0+1.0i),9.067796610169491,1.3802183829116466,1.3804333385754308,2.7606517214870774
5.0,strongly absorbing (m=2.0+1.0i),9.305084745762713,1.3892119256255622,1.3798283719442017,2.769040297569764
5.0,strongly absorbing (m=2.0+1.0i),9.542372881355933,1.3976036447301599,1.3797003265740517,2.7773039713042116
5.0,strongly absorbing (m=2.0+1.0i),9.779661016949152,1.4059569593469223,1.380128042856138,2.7860850022030603
5.0,strongly absorbing (m=2.0+1.0i),10.016949152542374,1.414777947110418,1.3810239532687953,2.7958019003792134
5.0,strongly absorbing (m=2.0+1.0i),10.254237288135593,1.4243595800557245,1.382175498994742,2.8065350790504664
5.0,strongly absorbing (m=2.0+1.0i),10.491525423728813,1.4347202592775365,1.3833151557220307,2.8180354149995672
5.0,strongly absorbing (m=2.0+1.0i),10.728813559322035,1.4456290199826234,1.384192339074863,2.8298213590574863
5.0,strongly absorbing (m=2.0+1.0i),10.966101694915254,1.4566868449011383,1.384629343956052,2.8413161888571903
5.0,strongly absorbing (m=2.0+1.0i),11.203389830508474,1.4674306685431757,1.384553445406827,2.8519841139500026
5.0,strongly absorbing (m=2.0+1.0i),11.440677966101696,1.4774335989526077,1.384004228894517,2.8614378278471246
5.0,strongly absorbing (m=2.0+1.0i),11.677966101694915,1.4863835705576194,1.3831191921220767,2.869502762679696
5.0,strongly absorbing (m=2.0+1.0i),11.915254237288137,1.4941303097695593,1.382103127105023,2.8762334368745823
5.0,strongly absorbing (m=2.0+1.0i),12.152542372881356,1.5006973981346088,1.3811885415238037,2.8818859396584124
5.0,strongly absorbing (m=2.0+1.0i),12.389830508474576,1.5062627176402472,1.3805951764265867,2.886857894066834
5.0,strongly absorbing (m=2.0+1.0i),12.627118644067798,1.511115941513175,1.3804959689371195,2.8916119104502944
5.0,strongly absorbing (m=2.0+1.0i),12.864406779661017,1.5156047201806597,1.3809945254629166,2.8965992456435763
5.0,strongly absorbing (m=2.0+1.0i),13.101694915254237,1.5200810977794688,1.3821159862023626,2.9021970839818314
5.0,strongly absorbing (m=2.0+1.0i),13.338983050847459,1.5248569398343408,1.3838101305338104,2.908667070368151
5.0,strongly absorbing (m=2.0+1.0i),13.576271186440678,1.5301731097545663,1.3859635496283143,2.9161366593828806
5.0,strongly absorbing (m=2.0+1.0i),13.813559322033898,1.5361832749317241,1.3884169937741662,2.9246002687058903
5.0,strongly absorbing (m=2.0+1.0i),14.05084745762712,1.542950507553583,1.3909843545715006,2.9339348621250836
5.0,strongly absorbing (m=2.0+1.0i),14.288135593220339,1.550453519741313,1.3934706761559064,2.9439241958972193
5.0,strongly absorbing (m=2.0+1.0i),14.525423728813559,1.558599172805234,1.395687637629558,2.954286810434792
5.0,strongly absorbing (m=2.0+1.0i),14.76271186440678,1.5672383643883543,1.3974658166475704,2.9647041810359247
5.0,strongly absorbing (m=2.0+1.0i),15.0,1.5761831064174927,1.3986636248659792,2.974846731283472
20.0,weakly absorbing (m=1.5+0.3i),1.0,0.9304488841152014,1.1452747374680936,2.075723621583295
20.0,weakly absorbing (m=1.5+0.3i),1.2372881355932204,0.9385353788460962,1.1483017526718218,2.086837131517918
20.0,weakly absorbing (m=1.5+0.3i),1.4745762711864407,0.9463405927646282,1.1508311795462363,2.0971717723108645
20.0,weakly absorbing (m=1.5+0.3i),1.711864406779661,0.9539085757773857,1.1529828271703615,2.1068914029477472
20.0,weakly absorbing (m=1.5+0.3i),1.9491525423728815,0.9612715020808509,1.1548363924379659,2.1161078945188168
20.0,weakly absorbing (m=1.5+0.3i),2.1864406779661016,0.9684539196078052,1.1564480362529874,2.1249019558607927
20.0,weakly absorbing (m=1.5+0.3i),2.423728813559322,0.9754751775970512,1.1578590735190915,2.1333342511161426
20.0,weakly absorbing (m=1.5+0.3i),2.6610169491525424,0.9823509182305239,1.1591009296504122,2.141451847880936
20.0,weakly absorbing (m=1.5+0.3i),2.898305084745763,0.9890940457275141,1.1601981549405347,2.149292200668049
20.0,weakly absorbing (m=1.5+0.3i),3.135593220338983,0.9957153834370631,1.1611703529227446,2.1568857363598077
20.0,weakly absorbing (m=1.5+0.3i),3.3728813559322033,1.00222413596453,1.1620334657492462,2.1642576017137762
20.0,weakly absorbing (m=1.5+0.3i),3.610169491525424,1.0086282234374693,1.162800660370324,2.1714288838077933
20.0,weakly absorbing (m=1.5+0.3i),3.847457627118644,1.0149345292570793,1.163482957412063,2.1784174866691424
20.0,weakly absorbing (m=1.5+0.3i),4.084745762711865,1.0211490904007536,1.1640896898966024,2.185238780297356
20.0,weakly absorbing (m=1.5+0.3i),4.322033898305085,1.027277243640085,1.1646288331703814,2.1919060768104663
20.0,weakly absorbing (m=1.5+0.3i),4.559322033898305,1.0333237349605204,1.1651072594554657,2.198430994415986
20.0,weakly absorbing (m=1.5+0.3i),4.796610169491526,1.039292820436056,1.1655309746131706,2.2048237950492267
20.0,weakly absorbing (m=1.5+0.3i),5.033898305084746,1.0451883058135265,1.1659052922263333,2.21109359803986
20.0,weakly absorbing (m=1.5+0.3i),5.271186440677966,1.0510136342730827,1.1662348496612607,2.2172484839343434
20.0,weakly absorbing (m=1.5+0.3i),5.508474576271187,1.0567719092179053,1.1665236254497087,2.223295534667614
20.0,weakly absorbing (m=1.5+0.3i),5.745762711864407,1.0624659385431243,1.1667751372540967,2.229241075797221
20.0,weakly absorbing (m=1.5+0.3i),5.983050847457627,1.0680982886064503,1.1669927806448244,2.2350910692512747
20.0,weakly absorbing (m=1.5+0.3i),6.220338983050848,1.0736713423187398,1.1671800362417402,2.24085137856048
20.0,weakly absorbing (m=1.5+0.3i),6.457627118644068,1.0791873268080374,1.1673403253186911,2.2465276521267286
20.0,weakly absorbing (m=1.5+0.3i),6.694915254237288,1.0846482555391133,1.1674765533823657,2.252124808921479
20.0,weakly absorbing (m=1.5+0.3i),6.932203389830509,1.0900561091000474,1.1675905466812782,2.2576466557813255
20.0,weakly absorbing (m=1.5+0.3i),7.169491525423729,1.0954130898878731,1.16768284592035,2.263095935808223
20.0,weakly absorbing (m=1.5+0.3i),7.406779661016949,1.1007207409026942,1.1677531337864404,2.2684738746891346
20.0,weakly absorbing (m=1.5+0.3i),7.6440677966101696,1.1059811455142345,1.1678005219030292,2.2737816674172637
20.0,weakly absorbing (m=1.5+0.3i),7.88135593220339,1.1111960563705812,1.1678248419836446,2.2790208983542257
20.0,weakly absorbing (m=1.5+0.3i),8.11864406779661,1.1163671626688907,1.16782696566482,2.2841941283337106
20.0,weakly absorbing (m=1.5+0.3i),8.35593220338983,1.121496088436734,1.1678096780312428,2.289305766467977
20.0,weakly absorbing (m=1.5+0.3i),8.593220338983052,1.1265847909967281,1.167777120875184,2.294361911871912
20.0,weakly absorbing (m=1.5+0.3i),8.830508474576272,1.1316337801784637,1.1677352027071157,2.2993689828855794
20.0,weakly absorbing (m=1.5+0.3i),9.067796610169491,1.1366458086472029,1.1676898893834846,2.3043356980306875
20.0,weakly absorbing (m=1.5+0.3i),9.305084745762713,1.141620988963113,1.1676471379118365,2.3092681268749495
20.0,weakly absorbing (m=1.5+0.3i),9.542372881355933,1.146559616919565,1.1676121737712877,2.3141717906908528
20.0,weakly absorbing (m=1.5+0.3i),9.779661016949152,1.1514657634164227,1.1675874404580842,2.319053203874507
20.0,weakly absorbing (m=1.5+0.3i),10.016949152542374,1.1563369534460974,1.1675736714202516,2.323910624866349
20.0,weakly absorbing (m=1.5+0.3i),10.254237288135593,1.1611716677760087,1.1675702229498195,2.328741890725828
20.0,weakly absorbing (m=1.5+0.3i),10.491525423728813,1.1659782104730247,1.1675720188411263,2.333550229314151
20.0,weakly absorbing (m=1.5+0.3i),10.728813559322035,1.1707530114814,1.1675718228368408,2.338324834318241
20.0,weakly absorbing (m=1.5+0.3i),10.966101694915254,1.1754856065780468,1.1675643067084793,2.343049913286526
20.0,weakly absorbing (m=1.5+0.3i),11.203389830508474,1.1801877328020334,1.1675415792490171,2.3477293120510505
20.0,weakly absorbing (m=1.5+0.3i),11.440677966101696,1.1848701544613485,1.1674908589371984,2.352361013398547
20.0,weakly absorbing (m=1.5+0.3i),11.677966101694915,1.1895121692710071,1.1674032226636157,2.356915391934623
20.0,weakly absorbing (m=1.5+0.3i),11.915254237288137,1.1940999228779527,1.1672769567100967,2.3613768795880494
20.0,weakly absorbing (m=1.5+0.3i),12.152542372881356,1.1986601669616566,1.1671073191526251,2.3657674861142817
20.0,weakly absorbing (m=1.5+0.3i),12.389830508474576,1.2032135640050523,1.1668825613407532,2.3700961253458055
20.0,weakly absorbing (m=1.5+0.3i),12.627118644067798,1.2077294204489135,1.1665966693097474,2.374326089758661
20.0,weakly absorbing (m=1.5+0.3i),12.864406779661017,1.2121690980558952,1.1662584957533584,2.3784275938092536
20.0,weakly absorbing (m=1.5+0.3i),13.101694915254237,1.2165507831227083,1.165880712138971,2.382431495261679
20.0,weakly absorbing (m=1.5+0.3i),13.338983050847459,1.2209292570675399,1.1654640773583915,2.3863933344259314
20.0,weakly absorbing (m=1.5+0.3i),13.576271186440678,1.2253164632459554,1.1650008837410535,2.390317346987009
20.0,weakly absorbing (m=1.5+0.3i),13.813559322033898,1.2296561914617719,1.1644943182237373,2.394150509685509
20.0,weakly absorbing (m=1.5+0.3i),14.05084745762712,1.2338889690455506,1.1639683761390998,2.3978573451846503
20.0,weakly absorbing (m=1.5+0.3i),14.288135593220339,1.2380252814106165,1.1634547453412032,2.4014800267518197
20.0,weakly absorbing (m=1.5+0.3i),14.525423728813559,1.2421391157378252,1.1629709033409823,2.4051100190788075
20.0,weakly absorbing (m=1.5+0.3i),14.76271186440678,1.2462901952414043,1.1625135223253509,2.408803717566755
20.0,weakly absorbing (m=1.5+0.3i),15.0,1.2504595198119857,1.1620741540781356,2.4125336738901213
20.0,moderately absorbing (m=1.7+0.5i),1.0,0.8856413893418351,1.193059628707455,2.07870101804929
20.0,moderately absorbing (m=1.7+0.5i),1.2372881355932204,0.8936098187218222,1.1967904805758993,2.0904002992977215
20.0,moderately absorbing (m=1.7+0.5i),1.4745762711864407,0.9012889384095757,1.1999998703069583,2.101288808716534
20.0,moderately absorbing (m=1.7+0.5i),1.711864406779661,0.9087239277872907,1.202809892879345,2.1115338206666356
20.0,moderately absorbing (m=1.7+0.5i),1.9491525423728815,0.9159479228744982,1.20530197754695,2.1212499004214482
20.0,moderately absorbing (m=1.7+0.5i),2.1864406779661016,0.9229862962843296,1.2075336459817392,2.130519942266069
20.0,moderately absorbing (m=1.7+0.5i),2.423728813559322,0.9298591098509716,1.2095473110497326,2.139406420900704
20.0,moderately absorbing (m=1.7+0.5i),2.6610169491525424,0.9365826261973955,1.211375302738029,2.1479579289354245
20.0,moderately absorbing (m=1.7+0.5i),2.898305084745763,0.9431702936301714,1.2130429290962377,2.156213222726409
20.0,moderately absorbing (m=1.7+0.5i),3.135593220338983,0.9496334156932011,1.2145704371322639,2.164203852825465
20.0,moderately absorbing (m=1.7+0.5i),3.3728813559322033,0.9559816234508265,1.2159743215333432,2.1719559449841697
20.0,moderately absorbing (m=1.7+0.5i),3.610169491525424,0.9622232180055299,1.217268228184397,2.179491446189927
20.0,moderately absorbing (m=1.7+0.5i),3.847457627118644,0.9683654242168189,1.2184635964826516,2.1868290206994705
20.0,moderately absorbing (m=1.7+0.5i),4.084745762711865,0.9744145864101057,1.219570126060383,2.1939847124704888
20.0,moderately absorbing (m=1.7+0.5i),4.322033898305085,0.9803763168182538,1.2205961247139723,2.200972441532226
20.0,moderately absorbing (m=1.7+0.5i),4.559322033898305,0.986255607448355,1.2215487727894208,2.207804380237776
20.0,moderately absorbing (m=1.7+0.5i),4.796610169491526,0.9920569451300758,1.2224343205360597,2.2144912656661355
20.0,moderately absorbing (m=1.7+0.5i),5.033898305084746,0.9977843450199726,1.2232582565335977,2.2210426015535703
20.0,moderately absorbing (m=1.7+0.5i),5.271186440677966,1.0034414608802131,1.2240254225559979,2.227466883436211
20.0,moderately absorbing (m=1.7+0.5i),5.508474576271187,1.0090316110951671,1.224740116863281,2.233771727958448
20.0,moderately absorbing (m=1.7+0.5i),5.745762711864407,1.014557816279522,1.2254061777007512,2.239963993980273
20.0,moderately absorbing (m=1.7+0.5i),5.983050847457627,1.0200228483661422,1.2260270459844462,2.2460498943505884
20.0,moderately absorbing (m=1.7+0.5i),6.220338983050848,1.0254292717356404,1.2266058186993083,2.2520350904349486
20.0,moderately absorbing (m=1.7+0.5i),6.457627118644068,1.03077943122221,1.227145307992388,2.257924739214598
20.0,moderately absorbing (m=1.7+0.5i),6.694915254237288,1.036075387208465,1.2276480860799721,2.263723473288437
20.0,moderately absorbing (m=1.7+0.5i),6.932203389830509,1.041319207782867,1.2281164339501944,2.2694356417330614
20.0,moderately absorbing (m=1.7+0.5i),7.169491525423729,1.046513009330903,1.2285524553241183,2.2750654646550212
20.0,moderately absorbing (m=1.7+0.5i),7.406779661016949,1.0516579599752494,1.228958225268155,2.2806161852434044
20.0,moderately absorbing (m=1.7+0.5i),7.6440677966101696,1.0567563371894353,1.2293353036174206,2.286091640806856
20.0,moderately absorbing (m=1.7+0.5i),7.88135593220339,1.0618090900697654,1.2296856171657924,2.291494707235558
20.0,moderately absorbing (m=1.7+0.5i),8.11864406779661,1.066818105077804,1.2300103499824548,2.296828455060259
20.0,moderately absorbing (m=1.7+0.5i),8.35593220338983,1.0717841251912148,1.2303113570298922,2.302095482221107
20.0,moderately absorbing (m=1.7+0.5i),8.593220338983052,1.0767094802217823,1.230589381982737,2.307298862204519
20.0,moderately absorbing (m=1.7+0.5i),8.830508474576272,1.0815932960395491,1.2308464588538572,2.3124397548934064
20.0,moderately absorbing (m=1.7+0.5i),9.067796610169491,1.086439873405428,1.2310829371585532,2.317522810563981
20.0,moderately absorbing (m=1.7+0.5i),9.305084745762713,1.0912465934204565,1.2313004412924673,2.322547034712924
20.0,moderately absorbing (m=1.7+0.5i),9.542372881355933,1.096016607649257,1.2315002511429707,2.3275168587922277
20.0,moderately absorbing (m=1.7+0.5i),9.779661016949152,1.100752437889378,1.231682070601455,2.332434508490833
20.0,moderately absorbing (m=1.7+0.5i),10.016949152542374,1.1054498239506774,1.2318479944038019,2.3372978183544793
20.0,moderately absorbing (m=1.7+0.5i),10.254237288135593,1.1101137186884398,1.2319987443910578,2.3421124630794976
20.0,moderately absorbing (m=1.7+0.5i),10.491525423728813,1.1147472405669463,1.2321333023055372,2.3468805428724835
20.0,moderately absorbing (m=1.7+0.5i),10.728813559322035,1.119344476827159,1.232253442053604,2.351597918880763
20.0,moderately absorbing (m=1.7+0.5i),10.966101694915254,1.1239074999911154,1.232360921051025,2.3562684210421403
20.0,moderately absorbing (m=1.7+0.5i),11.203389830508474,1.1284440174327177,1.2324544312581163,2.360898448690834
20.0,moderately absorbing (m=1.7+0.5i),11.440677966101696,1.1329514344983465,1.232533671848072,2.3654851063464184
20.0,moderately absorbing (m=1.7+0.5i),11.677966101694915,1.1374232345748263,1.2326014295553516,2.370024664130178
20.0,moderately absorbing (m=1.7+0.5i),11.915254237288137,1.1418633595090077,1.2326595210183844,2.374522880527392
20.0,moderately absorbing (m=1.7+0.5i),12.152542372881356,1.1462805014666557,1.2327067232590703,2.378987224725726
20.0,moderately absorbing (m=1.7+0.5i),12.389830508474576,1.1506741553336417,1.2327421893914086,2.3834163447250503
20.0,moderately absorbing (m=1.7+0.5i),12.627118644067798,1.1550362341480624,1.232768217042138,2.3878044511902003
20.0,moderately absorbing (m=1.7+0.5i),12.864406779661017,1.1593640709644917,1.2327881882870355,2.392152259251527
20.0,moderately absorbing (m=1.7+0.5i),13.101694915254237,1.1636649923499034,1.2328031025092847,2.396468094859188
20.0,moderately absorbing (m=1.7+0.5i),13.338983050847459,1.1679474921303425,1.2328113698436538,2.4007588619739963
20.0,moderately absorbing (m=1.7+0.5i),13.576271186440678,1.172211570081827,1.2328116367981483,2.4050232068799753
20.0,moderately absorbing (m=1.7+0.5i),13.813559322033898,1.1764493415760677,1.2328049963424657,2.4092543379185334
20.0,moderately absorbing (m=1.7+0.5i),14.05084745762712,1.1806538841679353,1.2327943233126537,2.413448207480589
20.0,moderately absorbing (m=1.7+0.5i),14.288135593220339,1.1848265109201561,1.2327817690537657,2.417608279973922
20.0,moderately absorbing (m=1.7+0.5i),14.525423728813559,1.1889760022688212,1.2327669243904527,2.421742926659274
20.0,moderately absorbing (m=1.7+0.5i),14.76271186440678,1.1931114481843348,1.2327470940768224,2.425858542261157
20.0,moderately absorbing (m=1.7+0.5i),15.0,1.1972351755817752,1.232719187150083,2.4299543627318583
20.0,strongly absorbing (m=2.0+1.0i),1.0,0.796752264044805,1.288748791752561,2.085501055797366
20.0,strongly absorbing (m=2.0+1.0i),1.2372881355932204,0.8049684977427303,1.2935642596845875,2.098532757427318
20.0,strongly absorbing (m=2.0+1.0i),1.4745762711864407,0.8128423261094488,1.2978362140052695,2.1106785401147183
20.0,strongly absorbing (m=2.0+1.0i),1.711864406779661,0.820426343197977,1.3016882749701182,2.122114618168095
20.0,strongly absorbing (m=2.0+1.0i),1.9491525423728815,0.8277595838692917,1.3052031847145933,2.132962768583885
20.0,strongly absorbing (m=2.0+1.0i),2.1864406779661016,0.8348722291834514,1.3084395968905789,2.1433118260740303
20.0,strongly absorbing (m=2.0+1.0i),2.423728813559322,0.8417883334368068,1.3114409064022463,2.153229239839053
20.0,strongly absorbing (m=2.0+1.0i),2.6610169491525424,0.8485275230753373,1.314240301394826,2.1627678244701634
20.0,strongly absorbing (m=2.0+1.0i),2.898305084745763,0.8551061147434484,1.3168638452628445,2.171969960006293
20.0,strongly absorbing (m=2.0+1.0i),3.135593220338983,0.8615378824442006,1.3193324544245018,2.1808703368687024
20.0,strongly absorbing (m=2.0+1.0i),3.3728813559322033,0.867834604422068,1.3216632202406655,2.1894978246627335
20.0,strongly absorbing (m=2.0+1.0i),3.610169491525424,0.8740064620331256,1.3238703236108789,2.1978767856440045
20.0,strongly absorbing (m=2.0+1.0i),3.847457627118644,0.8800623348705678,1.3259656862588507,2.2060280211294185
20.0,strongly absorbing (m=2.0+1.0i),4.084745762711865,0.886010036975998,1.3279594444031795,2.2139694813791775
20.0,strongly absorbing (m=2.0+1.0i),4.322033898305085,0.8918564881643094,1.3298603036006706,2.22171679176498
20.0,strongly absorbing (m=2.0+1.0i),4.559322033898305,0.8976078440830206,1.3316758063114005,2.229283650394421
20.0,strongly absorbing (m=2.0+1.0i),4.796610169491526,0.9032696738363837,1.3334125314467828,2.2366822052831665
20.0,strongly absorbing (m=2.0+1.0i),5.033898305084746,0.908846917315431,1.3350762716647238,2.2439231889801547
20.0,strongly absorbing (m=2.0+1.0i),5.271186440677966,0.914344077589937,1.3366721588166168,2.251016236406554
20.0,strongly absorbing (m=2.0+1.0i),5.508474576271187,0.9197652813583108,1.3382047444488476,2.2579700258071584
20.0,strongly absorbing (m=2.0+1.0i),5.745762711864407,0.9251142708994906,1.339678101995343,2.2647923728948336
20.0,strongly absorbing (m=2.0+1.0i),5.983050847457627,0.9303944899562739,1.3410958899060827,2.2714903798623567
20.0,strongly absorbing (m=2.0+1.0i),6.220338983050848,0.9356091276275806,1.3424614162361765,2.278070543863757
20.0,strongly absorbing (m=2.0+1.0i),6.457627118644068,0.9407609877562708,1.343777726014603,2.284538713770874
20.0,strongly absorbing (m=2.0+1.0i),6.694915254237288,0.9458524773901733,1.3450475676074183,2.2909000449975916
20.0,strongly absorbing (m=2.0+1.0i),6.932203389830509,0.9508865726750422,1.3462732391494554,2.2971598118244976
20.0,strongly absorbing (m=2.0+1.0i),7.169491525423729,0.9558657955323155,1.3474571933728778,2.3033229889051934
20.0,strongly absorbing (m=2.0+1.0i),7.406779661016949,0.9607907887680016,1.3486016742420437,2.3093924630100453
20.0,strongly absorbing (m=2.0+1.0i),7.6440677966101696,0.9656660003124347,1.349708018464614,2.3153740187770486
20.0,strongly absorbing (m=2.0+1.0i),7.88135593220339,0.9704904152855103,1.3507789953313276,2.321269410616838
20.0,strongly absorbing (m=2.0+1.0i),8.11864406779661,0.9752689501919973,1.351814924972163,2.3270838751641603
20.0,strongly absorbing (m=2.0+1.0i),8.35593220338983,0.9799993771465043,1.3528189988124366,2.332818375958941
20.0,strongly absorbing (m=2.0+1.0i),8.593220338983052,0.9846885230659681,1.3537906733607552,2.3384791964267233
20.0,strongly absorbing (m=2.0+1.0i),8.830508474576272,0.9893305523263813,1.354733294632151,2.3440638469585324
20.0,strongly absorbing (m=2.0+1.0i),9.067796610169491,0.9939354861091052,1.3556466948341848,2.34958218094329
20.0,strongly absorbing (m=2.0+1.0i),9.305084745762713,0.9984974291499868,1.3565317812064863,2.355029210356473
20.0,strongly absorbing (m=2.0+1.0i),9.542372881355933,1.0030185036641752,1.3573921931583564,2.3604106968225316
20.0,strongly absorbing (m=2.0+1.0i),9.779661016949152,1.0075081824929426,1.3582251257075493,2.365733308200492
20.0,strongly absorbing (m=2.0+1.0i),10.016949152542374,1.011954673709098,1.359033498250707,2.370988171959805
20.0,strongly absorbing (m=2.0+1.0i),10.254237288135593,1.016363900510625,1.3598207083053289,2.376184608815954
20.0,strongly absorbing (m=2.0+1.0i),10.491525423728813,1.0207474850275098,1.3605828388670966,2.3813303238946064
20.0,strongly absorbing (m=2.0+1.0i),10.728813559322035,1.0250923703315324,1.3613213704171998,2.3864137407487322
20.0,strongly absorbing (m=2.0+1.0i),10.966101694915254,1.0293956885886366,1.3620421342820366,2.391437822870673
20.0,strongly absorbing (m=2.0+1.0i),11.203389830508474,1.0336754297296844,1.36274301940111,2.3964184491307945
20.0,strongly absorbing (m=2.0+1.0i),11.440677966101696,1.037931900672433,1.3634197901833924,2.4013516908558254
20.0,strongly absorbing (m=2.0+1.0i),11.677966101694915,1.042147451652329,1.364076652156893,2.406224103809222
20.0,strongly absorbing (m=2.0+1.0i),11.915254237288137,1.0463230147737954,1.364719631421156,2.4110426461949515
20.0,strongly absorbing (m=2.0+1.0i),12.152542372881356,1.0504786656305722,1.3653464173314591,2.4158250829620314
20.0,strongly absorbing (m=2.0+1.0i),12.389830508474576,1.0546199430170666,1.3659510426940658,2.4205709857111324
20.0,strongly absorbing (m=2.0+1.0i),12.627118644067798,1.0587293011054715,1.3665344834398396,2.425263784545311
20.0,strongly absorbing (m=2.0+1.0i),12.864406779661017,1.062793738292878,1.367104208594402,2.42989794688728
20.0,strongly absorbing (m=2.0+1.0i),13.101694915254237,1.0668245934253617,1.3676643341465464,2.434488927571908
20.0,strongly absorbing (m=2.0+1.0i),13.338983050847459,1.0708432303713036,1.3682106551598705,2.439053885531174
20.0,strongly absorbing (m=2.0+1.0i),13.576271186440678,1.074854688934827,1.3687363858881907,2.4435910748230176
20.0,strongly absorbing (m=2.0+1.0i),13.813559322033898,1.0788423233730309,1.3692406510420994,2.4480829744151302
20.0,strongly absorbing (m=2.0+1.0i),14.05084745762712,1.0827870132722142,1.369729953368215,2.452516966640429
20.0,strongly absorbing (m=2.0+1.0i),14.288135593220339,1.086687704339081,1.3702118624903814,2.4568995668294624
20.0,strongly absorbing (m=2.0+1.0i),14.525423728813559,1.0905627166229803,1.3706880123867062,2.4612507290096866
20.0,strongly absorbing (m=2.0+1.0i),14.76271186440678,1.0944329654367788,1.3711529654234536,2.4655859308602324
20.0,strongly absorbing (m=2.0+1.0i),15.0,1.0983041183944757,1.371599247085924,2.4699033654803997
50.0,weakly absorbing (m=1.5+0.3i),1.0,0.9082034483269505,1.1335866935763002,2.0417901419032507
50.0,weakly absorbing (m=1.5+0.3i),1.2372881355932204,0.9119546007206689,1.1360566128909455,2.0480112136116144
50.0,weakly absorbing (m=1.5+0.3i),1.4745762711864407,0.915599994820061,1.138213066605464,2.053813061425525
50.0,weakly absorbing (m=1.5+0.3i),1.711864406779661,0.919155439105172,1.1401279938129967,2.0592834329181686
50.0,weakly absorbing (m=1.5+0.3i),1.9491525423728815,0.9226325683790011,1.1418495937736102,2.0644821621526113
50.0,weakly absorbing (m=1.5+0.3i),2.1864406779661016,0.9260403238456798,1.1434120508295662,2.069452374675246
50.0,weakly absorbing (m=1.5+0.3i),2.423728813559322,0.9293858001789648,1.144840659872865,2.07422646005183
50.0,weakly absorbing (m=1.5+0.3i),2.6610169491525424,0.9326747704214347,1.1461547639239678,2.0788295343454024
50.0,weakly absorbing (m=1.5+0.3i),2.898305084745763,0.9359120265470928,1.1473695486319684,2.083281575179061
50.0,weakly absorbing (m=1.5+0.3i),3.135593220338983,0.9391016121140809,1.1484971950402219,2.087598807154303
50.0,weakly absorbing (m=1.5+0.3i),3.3728813559322033,0.9422469863939387,1.149547650913777,2.0917946373077156
50.0,weakly absorbing (m=1.5+0.3i),3.610169491525424,0.9453511426416121,1.1505291645510607,2.095880307192673
50.0,weakly absorbing (m=1.5+0.3i),3.847457627118644,0.9484166975924977,1.1514486648645483,2.099865362457046
50.0,weakly absorbing (m=1.5+0.3i),4.084745762711865,0.9514459576657275,1.1523120386507533,2.1037579963164807
50.0,weakly absorbing (m=1.5+0.3i),4.322033898305085,0.9544409723395497,1.1531243371478395,2.107565309487389
50.0,weakly absorbing (m=1.5+0.3i),4.559322033898305,0.9574035738047777,1.1538899327601642,2.111293506564942
50.0,weakly absorbing (m=1.5+0.3i),4.796610169491526,0.9603354105554078,1.1546126399077987,2.1149480504632066
50.0,weakly absorbing (m=1.5+0.3i),5.033898305084746,0.9632379735509757,1.155295809558607,2.1185337831095827
50.0,weakly absorbing (m=1.5+0.3i),5.271186440677966,0.9661126175122989,1.1559424041281576,2.1220550216404566
50.0,weakly absorbing (m=1.5+0.3i),5.508474576271187,0.9689605789894864,1.1565550575127237,2.12551563650221
50.0,weakly absorbing (m=1.5+0.3i),5.745762711864407,0.9717829910279372,1.1571361237107234,2.1289191147386606
50.0,weakly absorbing (m=1.5+0.3i),5.983050847457627,0.9745808957480202,1.157687716577679,2.1322686123256993
50.0,weakly absorbing (m=1.5+0.3i),6.220338983050848,0.9773552544706854,1.1582117426129404,2.1355669970836257
50.0,weakly absorbing (m=1.5+0.3i),6.457627118644068,0.9801069570353815,1.1587099282151583,2.13881688525054
50.0,weakly absorbing (m=1.5+0.3i),6.694915254237288,0.9828368293049765,1.15918384250749,2.1420206718124666
50.0,weakly absorbing (m=1.5+0.3i),6.932203389830509,0.9855456397904763,1.1596349165761892,2.1451805563666655
50.0,weakly absorbing (m=1.5+0.3i),7.169491525423729,0.9882341053720023,1.16006445979385,2.1482985651658524
50.0,weakly absorbing (m=1.5+0.3i),7.406779661016949,0.9909028963472244,1.1604736737596053,2.1513765701068297
50.0,weakly absorbing (m=1.5+0.3i),7.6440677966101696,0.9935526405296977,1.160863664217646,2.1544163047473437
50.0,weakly absorbing (m=1.5+0.3i),7.88135593220339,0.9961839275984234,1.1612354513841037,2.157419378982527
50.0,weakly absorbing (m=1.5+0.3i),8.11864406779661,0.9987973118189686,1.1615899788983954,2.160387290717364
50.0,weakly absorbing (m=1.5+0.3i),8.35593220338983,1.0013933155091717,1.1619281215517685,2.16332143706094
50.0,weakly absorbing (m=1.5+0.3i),8.593220338983052,1.0039724317759007,1.1622506920647389,2.1662231238406395
50.0,weakly absorbing (m=1.5+0.3i),8.830508474576272,1.0065351264536013,1.1625584470221058,2.169093573475707
50.0,weakly absorbing (m=1.5+0.3i),9.067796610169491,1.009081840568921,1.1628520921212762,2.171933932690197
50.0,weakly absorbing (m=1.5+0.3i),9.305084745762713,1.0116129921932853,1.1631322868647542,2.1747452790580395
50.0,weakly absorbing (m=1.5+0.3i),9.542372881355933,1.0141289781397504,1.1633996487450768,2.1775286268848273
50.0,weakly absorbing (m=1.5+0.3i),9.779661016949152,1.016630175369132,1.1636547569052296,2.1802849322743616
50.0,weakly absorbing (m=1.5+0.3i),10.016949152542374,1.0191169424196171,1.1638981551893737,2.183015097608991
50.0,weakly absorbing (m=1.5+0.3i),10.254237288135593,1.021589621595409,1.1641303545637909,2.1857199761592
50.0,weakly absorbing (m=1.5+0.3i),10.491525423728813,1.0240485399908181,1.1643518355892792,2.1884003755800974
50.0,weakly absorbing (m=1.5+0.3i),10.728813559322035,1.0264940076049833,1.1645630515542567,2.19105705915924
50.0,weakly absorbing (m=1.5+0.3i),10.966101694915254,1.0289263207839385,1.1647644300944269,2.1936907508783654
50.0,weakly absorbing (m=1.5+0.3i),11.203389830508474,1.031345768591495,1.1649563750550846,2.1963021436465797
50.0,weakly absorbing (m=1.5+0.3i),11.440677966101696,1.0337526184471748,1.1651392724107723,2.198891890857947
50.0,weakly absorbing (m=1.5+0.3i),11.677966101694915,1.036147133016557,1.1653134875696036,2.2014606205861607
50.0,weakly absorbing (m=1.5+0.3i),11.915254237288137,1.0385295656868854,1.165479369895987,2.2040089355828725
50.0,weakly absorbing (m=1.5+0.3i),12.152542372881356,1.0409001467621748,1.1656372534349322,2.206537400197107
50.0,weakly absorbing (m=1.5+0.3i),12.389830508474576,1.0432591204550337,1.1657874515687874,2.209046572023821
50.0,weakly absorbing (m=1.5+0.3i),12.627118644067798,1.0456066876988976,1.1659302660827384,2.211536953781636
50.0,weakly absorbing (m=1.5+0.3i),12.864406779661017,1.0479430833939656,1.1660659731485117,2.2140090565424773
50.0,weakly absorbing (m=1.5+0.3i),13.101694915254237,1.050268483908268,1.1661948398850241,2.2164633237932923
50.0,weakly absorbing (m=1.5+0.3i),13.338983050847459,1.0525831104153762,1.1663171095325775,2.2189002199479537
50.0,weakly absorbing (m=1.5+0.3i),13.576271186440678,1.0548871305260186,1.1664330158272957,2.2213201463533143
50.0,weakly absorbing (m=1.5+0.3i),13.813559322033898,1.0571807271492917,1.1665427859959259,2.2237235131452175
50.0,weakly absorbing (m=1.5+0.3i),14.05084745762712,1.0594640990492639,1.1666466265894255,2.2261107256386894
50.0,weakly absorbing (m=1.5+0.3i),14.288135593220339,1.0617373560865317,1.1667447685403594,2.228482124626891
50.0,weakly absorbing (m=1.5+0.3i),14.525423728813559,1.0640007349598983,1.166837413445172,2.2308381484050703
50.0,weakly absorbing (m=1.5+0.3i),14.76271186440678,1.0662543369938722,1.1669247862034937,2.233179123197366
50.0,weakly absorbing (m=1.5+0.3i),15.0,1.068498303003156,1.1670071231089458,2.235505426112102
50.0,moderately absorbing (m=1.7+0.5i),1.0,0.8636491898343881,1.1794595321594092,2.0431087219937973
50.0,moderately absorbing (m=1.7+0.5i),1.2372881355932204,0.8673653154624026,1.182247222443517,2.0496125379059196
50.0,moderately absorbing (m=1.7+0.5i),1.4745762711864407,0.8709736376737183,1.1847149233558316,2.05568856102955
50.0,moderately absorbing (m=1.7+0.5i),1.711864406779661,0.8744900705676784,1.1869352153394772,2.0614252859071556
50.0,moderately absorbing (m=1.7+0.5i),1.9491525423728815,0.8779263578743761,1.188956793847045,2.066883151721421
50.0,moderately absorbing (m=1.7+0.5i),2.1864406779661016,0.8812915476163685,1.1908142403803124,2.072105787996681
50.0,moderately absorbing (m=1.7+0.5i),2.423728813559322,0.884592836733749,1.1925331759935975,2.0771260127273465
50.0,moderately absorbing (m=1.7+0.5i),2.6610169491525424,0.8878360950461319,1.1941332170088148,2.0819693120549467
50.0,moderately absorbing (m=1.7+0.5i),2.898305084745763,0.8910262055320397,1.195629781824535,2.0866559873565746
50.0,moderately absorbing (m=1.7+0.5i),3.135593220338983,0.8941672970737256,1.1970352523604735,2.091202549434199
50.0,moderately absorbing (m=1.7+0.5i),3.3728813559322033,0.8972629088531552,1.1983597516978894,2.0956226605510446
50.0,moderately absorbing (m=1.7+0.5i),3.610169491525424,0.9003161089215557,1.199611682603883,2.0999277915254386
50.0,moderately absorbing (m=1.7+0.5i),3.847457627118644,0.9033295840937565,1.2007981112080548,2.1041276953018113
50.0,moderately absorbing (m=1.7+0.5i),4.084745762711865,0.9063057064483511,1.201925047068571,2.108230753516922
50.0,moderately absorbing (m=1.7+0.5i),4.322033898305085,0.909246587114386,1.2029976519396066,2.1122442390539926
50.0,moderately absorbing (m=1.7+0.5i),4.559322033898305,0.9121541161613975,1.2040203982675548,2.1161745144289523
50.0,moderately absorbing (m=1.7+0.5i),4.796610169491526,0.9150299965394051,1.2049971914790591,2.1200271880184642
50.0,moderately absorbing (m=1.7+0.5i),5.033898305084746,0.9178757705007239,1.2059314656940716,2.1238072361947955
50.0,moderately absorbing (m=1.7+0.5i),5.271186440677966,0.920692841116449,1.206826259605614,2.127519100722063
50.0,moderately absorbing (m=1.7+0.5i),5.508474576271187,0.9234824905951522,1.2076842773323635,2.1311667679275157
50.0,moderately absorbing (m=1.7+0.5i),5.745762711864407,0.9262458951384156,1.2085079377328038,2.1347538328712194
50.0,moderately absorbing (m=1.7+0.5i),5.983050847457627,0.9289841377320043,1.209299414747068,2.138283552479072
50.0,moderately absorbing (m=1.7+0.5i),6.220338983050848,0.9316982183854856,1.210060670689293,2.1417588890747785
50.0,moderately absorbing (m=1.7+0.5i),6.457627118644068,0.934389063653821,1.2107934839358705,2.1451825475896915
50.0,moderately absorbing (m=1.7+0.5i),6.694915254237288,0.9370575342641192,1.2114994721269652,2.1485570063910844
50.0,moderately absorbing (m=1.7+0.5i),6.932203389830509,0.9397044318816865,1.2121801117291,2.1518845436107865
50.0,moderately absorbing (m=1.7+0.5i),7.169491525423729,0.9423305049031272,1.2128367546571657,2.155167259560293
50.0,moderately absorbing (m=1.7+0.5i),7.406779661016949,0.9449364537055169,1.2134706424484567,2.1584070961539736
50.0,moderately absorbing (m=1.7+0.5i),7.6440677966101696,0.9475229346639902,1.2140829184349478,2.161605853098938
50.0,moderately absorbing (m=1.7+0.5i),7.88135593220339,0.9500905648871898,1.21467463821583,2.16476520310302
50.0,moderately absorbing (m=1.7+0.5i),8.11864406779661,0.9526399246849648,1.2152467788307513,2.167886703515716
50.0,moderately absorbing (m=1.7+0.5i),8.35593220338983,0.9551715612857896,1.2158002466185163,2.170971807904306
50.0,moderately absorbing (m=1.7+0.5i),8.593220338983052,0.9576859917243878,1.2163358841449547,2.1740218758693426
50.0,moderately absorbing (m=1.7+0.5i),8.830508474576272,0.9601837046985551,1.2168544762982767,2.1770381809968318
50.0,moderately absorbing (m=1.7+0.5i),9.067796610169491,0.9626651631602101,1.2173567556412088,2.180021918801419
50.0,moderately absorbing (m=1.7+0.5i),9.305084745762713,0.9651308061814547,1.2178434071430795,2.1829742133245342
50.0,moderately absorbing (m=1.7+0.5i),9.542372881355933,0.9675810506418816,1.2183150724010094,2.185896123042891
50.0,moderately absorbing (m=1.7+0.5i),9.779661016949152,0.9700162926467883,1.2187723534091344,2.1887886460559227
50.0,moderately absorbing (m=1.7+0.5i),10.016949152542374,0.972436909234407,1.2192158157933304,2.1916527250277373
50.0,moderately absorbing (m=1.7+0.5i),10.254237288135593,0.9748432608906401,1.2196459915425426,2.1944892524331827
50.0,moderately absorbing (m=1.7+0.5i),10.491525423728813,0.9772356914829601,1.220063382079978,2.197299073562938
50.0,moderately absorbing (m=1.7+0.5i),10.728813559322035,0.97961452593529,1.220468461424993,2.200082987360283
50.0,moderately absorbing (m=1.7+0.5i),10.966101694915254,0.9819800774530048,1.2208616764092628,2.2028417538622675
50.0,moderately absorbing (m=1.7+0.5i),11.203389830508474,0.9843326509075876,1.221243449076319,2.2055760999839067
50.0,moderately absorbing (m=1.7+0.5i),11.440677966101696,0.986672524560775,1.2216141823250346,2.2082867068858096
50.0,moderately absorbing (m=1.7+0.5i),11.677966101694915,0.9889999801484282,1.22197425364503,2.210974233793458
50.0,moderately absorbing (m=1.7+0.5i),11.915254237288137,0.9913152802593894,1.2223240252573395,2.213639305516729
50.0,moderately absorbing (m=1.7+0.5i),12.152542372881356,0.9936186716994806,1.2226638396678693,2.21628251136735
50.0,moderately absorbing (m=1.7+0.5i),12.389830508474576,0.9959104110925829,1.2229940214796038,2.2189044325721867
50.0,moderately absorbing (m=1.7+0.5i),12.627118644067798,0.9981907125754734,1.223314883539099,2.2215055961145724
50.0,moderately absorbing (m=1.7+0.5i),12.864406779661017,1.0004598248876748,1.2236267184819023,2.224086543369577
50.0,moderately absorbing (m=1.7+0.5i),13.101694915254237,1.0027179393891392,1.2239298109024104,2.2266477502915496
50.0,moderately absorbing (m=1.7+0.5i),13.338983050847459,1.004965285232903,1.224224429753841,2.229189714986744
50.0,moderately absorbing (m=1.7+0.5i),13.576271186440678,1.007202056107751,1.2245108281263348,2.231712884234086
50.0,moderately absorbing (m=1.7+0.5i),13.813559322033898,1.00942842830958,1.2247892626767887,2.2342176909863687
50.0,moderately absorbing (m=1.7+0.5i),14.05084745762712,1.0116446395358345,1.2250599514071574,2.236704590942992
50.0,moderately absorbing (m=1.7+0.5i),14.288135593220339,1.0138507910303058,1.2253231398000128,2.2391739308303187
50.0,moderately absorbing (m=1.7+0.5i),14.525423728813559,1.016047137620204,1.2255790301295626,2.2416261677497666
50.0,moderately absorbing (m=1.7+0.5i),14.76271186440678,1.0182338138917941,1.2258278262619238,2.244061640153718
50.0,moderately absorbing (m=1.7+0.5i),15.0,1.0204109320774457,1.226069750158518,2.2464806822359638
50.0,strongly absorbing (m=2.0+1.0i),1.0,0.7738215203146823,1.2722959207647806,2.046117441079463
50.0,strongly absorbing (m=2.0+1.0i),1.2372881355932204,0.7777229573740669,1.2755461481562698,2.0532691055303367
50.0,strongly absorbing (m=2.0+1.0i),1.4745762711864407,0.7815008180215182,1.2784720541924843,2.0599728722140025
50.0,strongly absorbing (m=2.0+1.0i),1.711864406779661,0.7851725665709759,1.2811462566602592,2.066318823231235
50.0,strongly absorbing (m=2.0+1.0i),1.9491525423728815,0.7887512028563965,1.2836175434297301,2.0723687462861267
50.0,strongly absorbing (m=2.0+1.0i),2.1864406779661016,0.7922468264690217,1.2859206105814143,2.078167437050436
50.0,strongly absorbing (m=2.0+1.0i),2.423728813559322,0.7956675345332893,1.28808120083245,2.0837487353657393
50.0,strongly absorbing (m=2.0+1.0i),2.6610169491525424,0.7990199801820572,1.290119052035446,2.089139032217503
50.0,strongly absorbing (m=2.0+1.0i),2.898305084745763,0.8023097364865919,1.292049700508632,2.094359436995224
50.0,strongly absorbing (m=2.0+1.0i),3.135593220338983,0.8055415462885629,1.2938856408728607,2.0994271871614236
50.0,strongly absorbing (m=2.0+1.0i),3.3728813559322033,0.8087194993619622,1.295637103052839,2.1043566024148013
50.0,strongly absorbing (m=2.0+1.0i),3.610169491525424,0.8118471607875513,1.297312590670822,2.1091597514583733
50.0,strongly absorbing (m=2.0+1.0i),3.847457627118644,0.814927668602965,1.2989192648580796,2.1138469334610446
50.0,strongly absorbing (m=2.0+1.0i),4.084745762711865,0.8179638064974404,1.3004632245892422,2.1184270310866826
50.0,strongly absorbing (m=2.0+1.0i),4.322033898305085,0.8209580626881401,1.3019497157783944,2.1229077784665344
50.0,strongly absorbing (m=2.0+1.0i),4.559322033898305,0.8239126739873546,1.3033832901243534,2.127295964111708
50.0,strongly absorbing (m=2.0+1.0i),4.796610169491526,0.8268296632647731,1.304767927745411,2.131597591010184
50.0,strongly absorbing (m=2.0+1.0i),5.033898305084746,0.8297108688356396,1.3061071332247958,2.1358180020604354
50.0,strongly absorbing (m=2.0+1.0i),5.271186440677966,0.8325579685041626,1.3074040118037562,2.139961980307919
50.0,strongly absorbing (m=2.0+1.0i),5.508474576271187,0.8353725000656174,1.308661330523686,2.1440338305893034
50.0,strongly absorbing (m=2.0+1.0i),5.745762711864407,0.8381558780155953,1.3098815678150006,2.148037445830596
50.0,strongly absorbing (m=2.0+1.0i),5.983050847457627,0.8409094080437298,1.3110669540698963,2.151976362113626
50.0,strongly absorbing (m=2.0+1.0i),6.220338983050848,0.8436342986342245,1.3122195051759598,2.155853803810184
50.0,strongly absorbing (m=2.0+1.0i),6.457627118644068,0.8463316718777225,1.313341050405743,2.1596727222834655
50.0,strongly absorbing (m=2.0+1.0i),6.694915254237288,0.8490025722458094,1.3144332557951923,2.1634358280410018
50.0,strongly absorbing (m=2.0+1.0i),6.932203389830509,0.851647974393217,1.3154976438744432,2.1671456182676603
50.0,strongly absorbing (m=2.0+1.0i),7.169491525423729,0.8542687894385537,1.3165356105407724,2.170804399979326
50.0,strongly absorbing (m=2.0+1.0i),7.406779661016949,0.8568658719540683,1.3175484391175456,2.174414311071614
50.0,strongly absorbing (m=2.0+1.0i),7.6440677966101696,0.8594400231080266,1.3185373131044995,2.177977336212526
50.0,strongly absorbing (m=2.0+1.0i),7.88135593220339,0.8619919981525361,1.3195033262180689,2.181495324370605
50.0,strongly absorbing (m=2.0+1.0i),8.11864406779661,0.8645225076721836,1.3204474920517006,2.1849699997238843
50.0,strongly absorbing (m=2.0+1.0i),8.35593220338983,0.867032222165915,1.3213707520652496,2.1884029742311646
50.0,strongly absorbing (m=2.0+1.0i),8.593220338983052,0.8695217760684659,1.3222739824105798,2.1917957584790457
50.0,strongly absorbing (m=2.0+1.0i),8.830508474576272,0.8719917697853921,1.3231580001445244,2.1951497699299165
50.0,strongly absorbing (m=2.0+1.0i),9.067796610169491,0.8744427725198802,1.3240235687172133,2.1984663412370935
50.0,strongly absorbing (m=2.0+1.0i),9.305084745762713,0.8768753243569087,1.3248714028277868,2.2017467271846956
50.0,strongly absorbing (m=2.0+1.0i),9.542372881355933,0.8792899379953873,1.3257021727595537,2.204992110754941
50.0,strongly absorbing (m=2.0+1.0i),9.779661016949152,0.8816871007170537,1.3265165080335404,2.208203608750594
50.0,strongly absorbing (m=2.0+1.0i),10.016949152542374,0.884067278484564,1.327315000158052,2.211382278642616
50.0,strongly absorbing (m=2.0+1.0i),10.254237288135593,0.886430919223945,1.3280982058722455,2.2145291250961905
50.0,strongly absorbing (m=2.0+1.0i),10.491525423728813,0.8887784439931268,1.328866652665771,2.217645096658898
50.0,strongly absorbing (m=2.0+1.0i),10.728813559322035,0.8911102462288722,1.329620839358232,2.2207310855871043
50.0,strongly absorbing (m=2.0+1.0i),10.966101694915254,0.8934267263334814,1.3303612310564363,2.2237879573899177
50.0,strongly absorbing (m=2.0+1.0i),11.203389830508474,0.8957282591289213,1.3310882751759754,2.2268165343048967
50.0,strongly absorbing (m=2.0+1.0i),11.440677966101696,0.8980151675579442,1.3318023985053145,2.2298175660632586
50.0,strongly absorbing (m=2.0+1.0i),11.677966101694915,0.9002878386830218,1.3325039892539094,2.232791827936931
50.0,strongly absorbing (m=2.0+1.0i),11.915254237288137,0.9025465525600243,1.333193444516078,2.2357399970761023
50.0,strongly absorbing (m=2.0+1.0i),12.152542372881356,0.9047916539343324,1.333871108442802,2.2386627623771345
50.0,strongly absorbing (m=2.0+1.0i),12.389830508474576,0.9070234295726141,1.3345373427938116,2.2415607723664257
50.0,strongly absorbing (m=2.0+1.0i),12.627118644067798,0.9092421681452598,1.3351924585290402,2.2444346266743
50.0,strongly absorbing (m=2.0+1.0i),12.864406779661017,0.9114481519249766,1.3358367888275842,2.247284940752561
50.0,strongly absorbing (m=2.0+1.0i),13.101694915254237,0.9136416574683952,1.3364706056496216,2.250112263118017
50.0,strongly absorbing (m=2.0+1.0i),13.338983050847459,0.915822897004968,1.3370942333342302,2.252917130339198
50.0,strongly absorbing (m=2.0+1.0i),13.576271186440678,0.9179922283161341,1.3377078913525475,2.2557001196686817
50.0,strongly absorbing (m=2.0+1.0i),13.813559322033898,0.9201496997516485,1.3383119068298557,2.258461606581504
50.0,strongly absorbing (m=2.0+1.0i),14.05084745762712,0.9222958035759654,1.3389064657395315,2.261202269315497
50.0,strongly absorbing (m=2.0+1.0i),14.288135593220339,0.9244304998815562,1.339491845139893,2.263922345021449
50.0,strongly absorbing (m=2.0+1.0i),14.525423728813559,0.9265541467181451,1.3400682933931636,2.2666224401113086
50.0,strongly absorbing (m=2.0+1.0i),14.76271186440678,0.9286670516661124,1.3406359499234293,2.2693030015895417
50.0,strongly absorbing (m=2.0+1.0i),15.0,0.9307690739238255,1.3411951330199576,2.271964206943783
100.0,weakly absorbing (m=1.5+0.3i),1.0,0.8998338214479782,1.1267107037297466,2.0265445251777248
100.0,weakly absorbing (m=1.5+0.3i),1.2372881355932204,0.9018910204805022,1.1286335508061387,2.030524571286641
100.0,weakly absorbing (m=1.5+0.3i),1.4745762711864407,0.9038990841326102,1.1303433114070316,2.034242395539642
100.0,weakly absorbing (m=1.5+0.3i),1.711864406779661,0.9058651265507842,1.1318878134694923,2.0377529400202765
100.0,weakly absorbing (m=1.5+0.3i),1.9491525423728815,0.9077944068594674,1.1332992336136214,2.041093640473089
100.0,weakly absorbing (m=1.5+0.3i),2.1864406779661016,0.9096909814740826,1.1346004771264473,2.04429145860053
100.0,weakly absorbing (m=1.5+0.3i),2.423728813559322,0.9115580804984926,1.1358085504465865,2.047366630945079
100.0,weakly absorbing (m=1.5+0.3i),2.6610169491525424,0.9133983404903094,1.1369364992475857,2.050334839737895
100.0,weakly absorbing (m=1.5+0.3i),2.898305084745763,0.9152139566781246,1.1379945953044566,2.053208551982581
100.0,weakly absorbing (m=1.5+0.3i),3.135593220338983,0.9170067866009022,1.1389911006830598,2.055997887283962
100.0,weakly absorbing (m=1.5+0.3i),3.3728813559322033,0.918778423665995,1.13993278017536,2.058711203841355
100.0,weakly absorbing (m=1.5+0.3i),3.610169491525424,0.9205302500686907,1.1408252566655361,2.061355506734227
100.0,weakly absorbing (m=1.5+0.3i),3.847457627118644,0.9222634773209126,1.1416732646465904,2.063936741967503
100.0,weakly absorbing (m=1.5+0.3i),4.084745762711865,0.923979175851041,1.1424808355038185,2.0664600113548595
100.0,weakly absorbing (m=1.5+0.3i),4.322033898305085,0.9256782988754098,1.1432514357896117,2.0689297346650215
100.0,weakly absorbing (m=1.5+0.3i),4.559322033898305,0.9273617007791308,1.1439880723169626,2.0713497730960935
100.0,weakly absorbing (m=1.5+0.3i),4.796610169491526,0.9290301518889283,1.1446933733289517,2.07372352521788
100.0,weakly absorbing (m=1.5+0.3i),5.033898305084746,0.9306843502713777,1.1453696520919372,2.076054002363315
100.0,weakly absorbing (m=1.5+0.3i),5.271186440677966,0.93232493194529,1.1460189573585524,2.0783438893038424
100.0,weakly absorbing (m=1.5+0.3i),5.508474576271187,0.9339524785171718,1.1466431138739308,2.0805955923911026
100.0,weakly absorbing (m=1.5+0.3i),5.745762711864407,0.935567523843623,1.1472437552291948,2.0828112790728177
100.0,weakly absorbing (m=1.5+0.3i),5.983050847457627,0.9371705600552305,1.1478223507606746,2.084992910815905
100.0,weakly absorbing (m=1.5+0.3i),6.220338983050848,0.9387620423366494,1.1483802277645752,2.0871422701012246
100.0,weakly absorbing (m=1.5+0.3i),6.457627118644068,0.9403423924634757,1.1489185899883734,2.089260982451849
100.0,weakly absorbing (m=1.5+0.3i),6.694915254237288,0.9419120029757235,1.1494385331352484,2.091350536110972
100.0,weakly absorbing (m=1.5+0.3i),6.932203389830509,0.9434712395238916,1.1499410579514677,2.0934122974753593
100.0,weakly absorbing (m=1.5+0.3i),7.169491525423729,0.9450204442738595,1.1504270813424022,2.0954475256162617
100.0,weakly absorbing (m=1.5+0.3i),7.406779661016949,0.9465599374295259,1.1508974458686956,2.0974573832982215
100.0,weakly absorbing (m=1.5+0.3i),7.6440677966101696,0.9480900196711022,1.1513529279023365,2.0994429475734386
100.0,weakly absorbing (m=1.5+0.3i),7.88135593220339,0.9496109737802827,1.151794244666945,2.1014052184472276
100.0,weakly absorbing (m=1.5+0.3i),8.11864406779661,0.9511230664021919,1.1522220603434874,2.1033451267456793
100.0,weakly absorbing (m=1.5+0.3i),8.35593220338983,0.952626548875587,1.152636991388828,2.105263540264415
100.0,weakly absorbing (m=1.5+0.3i),8.593220338983052,0.954121658937878,1.1530396111877799,2.107161270125658
100.0,weakly absorbing (m=1.5+0.3i),8.830508474576272,0.9556086219775455,1.1534304541380271,2.1090390761155726
100.0,weakly absorbing (m=1.5+0.3i),9.067796610169491,0.9570876513983442,1.1538100192502565,2.1108976706486007
100.0,weakly absorbing (m=1.5+0.3i),9.305084745762713,0.9585589499621099,1.154178773332052,2.112737723294162
100.0,weakly absorbing (m=1.5+0.3i),9.542372881355933,0.9600227104507888,1.1545371538128637,2.1145598642636525
100.0,weakly absorbing (m=1.5+0.3i),9.779661016949152,0.9614791165431344,1.1548855712583919,2.1163646878015263
100.0,weakly absorbing (m=1.5+0.3i),10.016949152542374,0.9629283429131985,1.1552244116152424,2.118152754528441
100.0,weakly absorbing (m=1.5+0.3i),10.254237288135593,0.964370556672633,1.155554038219822,2.119924594892455
100.0,weakly absorbing (m=1.5+0.3i),10.491525423728813,0.9658059171026006,1.1558747936023122,2.1216807107049127
100.0,weakly absorbing (m=1.5+0.3i),10.728813559322035,0.9672345767912833,1.1561870011087187,2.123421577900002
100.0,weakly absorbing (m=1.5+0.3i),10.966101694915254,0.9686566814999509,1.1564909663655336,2.1251476478654845
100.0,weakly absorbing (m=1.5+0.3i),11.203389830508474,0.9700723711646848,1.1567869786027107,2.1268593497673955
100.0,weakly absorbing (m=1.5+0.3i),11.440677966101696,0.9714817797127742,1.157075311852668,2.128557091565442
100.0,weakly absorbing (m=1.5+0.3i),11.677966101694915,0.9728850356908478,1.1573562260396146,2.1302412617304625
100.0,weakly absorbing (m=1.5+0.3i),11.915254237288137,0.9742822628084171,1.1576299679703463,2.1319122307787635
100.0,weakly absorbing (m=1.5+0.3i),12.152542372881356,0.9756735796939751,1.1578967722373434,2.1335703519313185
100.0,weakly absorbing (m=1.5+0.3i),12.389830508474576,0.9770591005646185,1.1581568620437088,2.1352159626083274
100.0,weakly absorbing (m=1.5+0.3i),12.627118644067798,0.9784389353651288,1.1584104499580363,2.136849385323165
100.0,weakly absorbing (m=1.5+0.3i),12.864406779661017,0.9798131900020923,1.15865773860626,2.1384709286083523
100.0,weakly absorbing (m=1.5+0.3i),13.101694915254237,0.9811819665610768,1.1588989213067435,2.1400808878678204
100.0,weakly absorbing (m=1.5+0.3i),13.338983050847459,0.9825453635089823,1.159134182654095,2.1416795461630773
100.0,weakly absorbing (m=1.5+0.3i),13.576271186440678,0.9839034758824783,1.1593636990567633,2.1432671749392416
100.0,weakly absorbing (m=1.5+0.3i),13.813559322033898,0.9852563954603761,1.1595876392336146,2.1448440346939908
100.0,weakly absorbing (m=1.5+0.3i),14.05084745762712,0.9866042109190214,1.1598061646738704,2.146410375592892
100.0,weakly absorbing (m=1.5+0.3i),14.288135593220339,0.9879470080719239,1.1600194300603321,2.147966438132256
100.0,weakly absorbing (m=1.5+0.3i),14.525423728813559,0.9892848697274768,1.1602275836553768,2.1495124533828536
100.0,weakly absorbing (m=1.5+0.3i),14.76271186440678,0.9906178762487372,1.160430767666181,2.151048643914918
100.0,weakly absorbing (m=1.5+0.3i),15.0,0.9919461053368048,1.1606291185995705,2.1525752239363753
100.0,moderately absorbing (m=1.7+0.5i),1.0,0.8553463302636726,1.1718882034747649,2.0272345337384374
100.0,moderately absorbing (m=1.7+0.5i),1.2372881355932204,0.8573885597672646,1.1739796873459312,2.0313682471131957
100.0,moderately absorbing (m=1.7+0.5i),1.4745762711864407,0.8593811123287558,1.1758556613000917,2.0352367736288475
100.0,moderately absorbing (m=1.7+0.5i),1.711864406779661,0.8613310970831283,1.177564181844976,2.0388952789281043
100.0,moderately absorbing (m=1.7+0.5i),1.9491525423728815,0.8632437759231251,1.1791376050069982,2.0423813809301232
100.0,moderately absorbing (m=1.7+0.5i),2.1864406779661016,0.8651232126829091,1.1805989814310327,2.045722194113942
100.0,moderately absorbing (m=1.7+0.5i),2.423728813559322,0.8669726477089812,1.181965438201929,2.04893808591091
100.0,moderately absorbing (m=1.7+0.5i),2.6610169491525424,0.868794729499657,1.1832501230478014,2.0520448525474584
100.0,moderately absorbing (m=1.7+0.5i),2.898305084745763,0.870591666209567,1.1844633954064936,2.0550550616160606
100.0,moderately absorbing (m=1.7+0.5i),3.135593220338983,0.8723653288207485,1.1856135936049823,2.0579789224257308
100.0,moderately absorbing (m=1.7+0.5i),3.3728813559322033,0.8741173243976672,1.1867075494878947,2.060824873885562
100.0,moderately absorbing (m=1.7+0.5i),3.610169491525424,0.8758490487914183,1.1877509454332984,2.0635999942247167
100.0,moderately absorbing (m=1.7+0.5i),3.847457627118644,0.8775617270473339,1.1887485691366448,2.0663102961839788
100.0,moderately absorbing (m=1.7+0.5i),4.084745762711865,0.879256442897389,1.1897044998857373,2.0689609427831264
100.0,moderately absorbing (m=1.7+0.5i),4.322033898305085,0.8809341625802318,1.1906222476235087,2.0715564102037405
100.0,moderately absorbing (m=1.7+0.5i),4.559322033898305,0.8825957531809334,1.1915048586766632,2.0741006118575966
100.0,moderately absorbing (m=1.7+0.5i),4.796610169491526,0.8842419973807061,1.1923549974431522,2.0765969948238583
100.0,moderately absorbing (m=1.7+0.5i),5.033898305084746,0.8858736052382645,1.1931750104127326,2.079048615650997
100.0,moderately absorbing (m=1.7+0.5i),5.271186440677966,0.887491224410613,1.1939669769857995,2.0814582013964125
100.0,moderately absorbing (m=1.7+0.5i),5.508474576271187,0.8890954477769597,1.1947327502786527,2.0838281980556124
100.0,moderately absorbing (m=1.7+0.5i),5.745762711864407,0.8906868201023175,1.1954739902302454,2.086160810332563
100.0,moderately absorbing (m=1.7+0.5i),5.983050847457627,0.8922658440806681,1.196192190717484,2.088458034798152
100.0,moderately absorbing (m=1.7+0.5i),6.220338983050848,0.8938329851255715,1.1968887019554852,2.0907216870810568
100.0,moderately absorbing (m=1.7+0.5i),6.457627118644068,0.8953886748961488,1.1975647491493544,2.092953424045503
100.0,moderately absorbing (m=1.7+0.5i),6.694915254237288,0.8969333155076364,1.1982214481379867,2.095154763645623
100.0,moderately absorbing (m=1.7+0.5i),6.932203389830509,0.8984672818598209,1.1988598186032067,2.0973271004630276
100.0,moderately absorbing (m=1.7+0.5i),7.169491525423729,0.8999909250894378,1.19948079529266,2.099471720382098
100.0,moderately absorbing (m=1.7+0.5i),7.406779661016949,0.9015045740681489,1.2000852376102238,2.1015898116783727
100.0,moderately absorbing (m=1.7+0.5i),7.6440677966101696,0.9030085378727837,1.2006739378555256,2.1036824757283092
100.0,moderately absorbing (m=1.7+0.5i),7.88135593220339,0.904503107414935,1.201247628338409,2.105750735753344
100.0,moderately absorbing (m=1.7+0.5i),8.11864406779661,0.9059885572260011,1.2018069875508437,2.107795544776845
100.0,moderately absorbing (m=1.7+0.5i),8.35593220338983,0.9074651462647592,1.2023526455447109,2.10981779180947
100.0,moderately absorbing (m=1.7+0.5i),8.593220338983052,0.9089331196589445,1.2028851886371015,2.111818308296046
100.0,moderately absorbing (m=1.7+0.5i),8.830508474576272,0.9103927099819642,1.2034051635431764,2.1137978735251406
100.0,moderately absorbing (m=1.7+0.5i),9.067796610169491,0.9118441375823096,1.2039130810196375,2.115757218601947
100.0,moderately absorbing (m=1.7+0.5i),9.305084745762713,0.9132876119669864,1.204409419087856,2.1176970310548424
100.0,moderately absorbing (m=1.7+0.5i),9.542372881355933,0.9147233324628898,1.2048946258944973,2.119617958357387
100.0,moderately absorbing (m=1.7+0.5i),9.779661016949152,0.9161514891150719,1.2053691222584437,2.1215206113735157
100.0,moderately absorbing (m=1.7+0.5i),10.016949152542374,0.9175722627447065,1.2058333039450255,2.123405566689732
100.0,moderately absorbing (m=1.7+0.5i),10.254237288135593,0.9189858264746058,1.2062875437019103,2.125273370176516
100.0,moderately absorbing (m=1.7+0.5i),10.491525423728813,0.9203923453923815,1.206732193088294,2.1271245384806754
100.0,moderately absorbing (m=1.7+0.5i),10.728813559322035,0.921791977760013,1.2071675841193283,2.1289595618793413
100.0,moderately absorbing (m=1.7+0.5i),10.966101694915254,0.9231848748248259,1.2075940307518986,2.1307789055767246
100.0,moderately absorbing (m=1.7+0.5i),11.203389830508474,0.9245711818904458,1.2080118302274994,2.132583012117945
100.0,moderately absorbing (m=1.7+0.5i),11.440677966101696,0.9259510380778155,1.2084212642884031,2.1343723023662187
100.0,moderately absorbing (m=1.7+0.5i),11.677966101694915,0.9273245769891163,1.2088226002836577,2.136147177272774
100.0,moderately absorbing (m=1.7+0.5i),11.915254237288137,0.928691927286905,1.2092160921754969,2.137908019462402
100.0,moderately absorbing (m=1.7+0.5i),12.152542372881356,0.9300532123858571,1.2096019814566301,2.1396551938424873
100.0,moderately absorbing (m=1.7+0.5i),12.389830508474576,0.9314085511776535,1.2099804979883277,2.1413890491659813
100.0,moderately absorbing (m=1.7+0.5i),12.627118644067798,0.9327580581607888,1.2103518607675823,2.143109918928371
100.0,moderately absorbing (m=1.7+0.5i),12.864406779661017,0.9341018436792037,1.2107162786303964,2.1448181223096
100.0,moderately absorbing (m=1.7+0.5i),13.101694915254237,0.9354400141439234,1.2110739508975141,2.1465139650414375
100.0,moderately absorbing (m=1.7+0.5i),13.338983050847459,0.9367726722397085,1.2114250679681369,2.1481977402078454
100.0,moderately absorbing (m=1.7+0.5i),13.576271186440678,0.9380999171162223,1.211769811867156,2.1498697289833784
100.0,moderately absorbing (m=1.7+0.5i),13.813559322033898,0.9394218445605247,1.2121083567514195,2.151530201311944
100.0,moderately absorbing (m=1.7+0.5i),14.05084745762712,0.9407385471553051,1.2124408693779882,2.1531794165332934
100.0,moderately absorbing (m=1.7+0.5i),14.288135593220339,0.9420501145509834,1.2127675095316683,2.1548176240826518
100.0,moderately absorbing (m=1.7+0.5i),14.525423728813559,0.9433566332734311,1.2130884304166751,2.1564450636901062
100.0,moderately absorbing (m=1.7+0.5i),14.76271186440678,0.9446581873326476,1.2134037790392518,2.1580619663718994
100.0,moderately absorbing (m=1.7+0.5i),15.0,0.945954857949094,1.213713696569826,2.15966855451892
100.0,strongly absorbing (m=2.0+1.0i),1.0,0.7650664635504201,1.2637366533344243,2.0288031168848444
100.0,strongly absorbing (m=2.0+1.0i),1.2372881355932204,0.7672246543721746,1.2660639970020722,2.0332886513742467
100.0,strongly absorbing (m=2.0+1.0i),1.4745762711864407,0.7693274230671752,1.268175026790634,2.037502449857809
100.0,strongly absorbing (m=2.0+1.0i),1.711864406779661,0.7713823961514319,1.2701176613639078,2.0415000575153397
100.0,strongly absorbing (m=2.0+1.0i),1.9491525423728815,0.7733952380702833,1.2719241810860327,2.045319419156316
100.0,strongly absorbing (m=2.0+1.0i),2.1864406779661016,0.7753703405975672,1.2736175959814573,2.0489879365790244
100.0,strongly absorbing (m=2.0+1.0i),2.423728813559322,0.7773112201142205,1.2752150134038633,2.052526233518084
100.0,strongly absorbing (m=2.0+1.0i),2.6610169491525424,0.7792207630792629,1.2767295742956262,2.055950337374889
100.0,strongly absorbing (m=2.0+1.0i),2.898305084745763,0.7811013865230625,1.2781716395421792,2.0592730260652417
100.0,strongly absorbing (m=2.0+1.0i),3.135593220338983,0.7829551473336973,1.2795495542348034,2.0625047015685007
100.0,strongly absorbing (m=2.0+1.0i),3.3728813559322033,0.7847838198860448,1.2808701604326145,2.0656539803186593
100.0,strongly absorbing (m=2.0+1.0i),3.610169491525424,0.786588951921261,1.2821391529518182,2.0687281048730792
100.0,strongly absorbing (m=2.0+1.0i),3.847457627118644,0.7883719074297,1.2833613333269591,2.071733240756659
100.0,strongly absorbing (m=2.0+1.0i),4.084745762711865,0.7901338979800865,1.2845407955249775,2.074674693505064
100.0,strongly absorbing (m=2.0+1.0i),4.322033898305085,0.7918760080540341,1.285681064621298,2.077557072675332
100.0,strongly absorbing (m=2.0+1.0i),4.559322033898305,0.7935992145804021,1.2867852022595818,2.080384416839984
100.0,strongly absorbing (m=2.0+1.0i),4.796610169491526,0.7953044026697453,1.28785588815182,2.0831602908215654
100.0,strongly absorbing (m=2.0+1.0i),5.033898305084746,0.7969923782082591,1.2888954839681854,2.0858878621764445
100.0,strongly absorbing (m=2.0+1.0i),5.271186440677966,0.7986638787827036,1.2899060840655479,2.0885699628482515
100.0,strongly absorbing (m=2.0+1.0i),5.508474576271187,0.8003195818712012,1.2908895562310756,2.091209138102277
100.0,strongly absorbing (m=2.0+1.0i),5.745762711864407,0.8019601120080282,1.2918475747480234,2.0938076867560516
100.0,strongly absorbing (m=2.0+1.0i),5.983050847457627,0.8035860472720202,1.2927816474850418,2.096367694757062
100.0,strongly absorbing (m=2.0+1.0i),6.220338983050848,0.8051979244524805,1.2936931382812813,2.098891062733762
100.0,strongly absorbing (m=2.0+1.0i),6.457627118644068,0.8067962428932096,1.294583285590938,2.1013795284841477
100.0,strongly absorbing (m=2.0+1.0i),6.694915254237288,0.8083814690122835,1.2954532181255192,2.1038346871378026
100.0,strongly absorbing (m=2.0+1.0i),6.932203389830509,0.8099540388755533,1.2963039680655943,2.1062580069411476
100.0,strongly absorbing (m=2.0+1.0i),7.169491525423729,0.8115143618956049,1.2971364822892548,2.1086508441848597
100.0,strongly absorbing (m=2.0+1.0i),7.406779661016949,0.8130628225233785,1.2979516319701607,2.111014454493539
100.0,strongly absorbing (m=2.0+1.0i),7.6440677966101696,0.8145997829131182,1.298750220826121,2.113350003739239
100.0,strongly absorbing (m=2.0+1.0i),7.88135593220339,0.8161255847182063,1.2995329922435772,2.1156585769617835
100.0,strongly absorbing (m=2.0+1.0i),8.11864406779661,0.8176405510317337,1.3003006354601447,2.1179411864918785
100.0,strongly absorbing (m=2.0+1.0i),8.35593220338983,0.8191449873261616,1.301053790953256,2.1201987782794176
100.0,strongly absorbing (m=2.0+1.0i),8.593220338983052,0.8206391833285462,1.3017930551564516,2.122432238484998
100.0,strongly absorbing (m=2.0+1.0i),8.830508474576272,0.8221234144137133,1.3025189846033325,2.1246423990170458
100.0,strongly absorbing (m=2.0+1.0i),9.067796610169491,0.8235979420338597,1.3032320995817868,2.1268300416156465
100.0,strongly absorbing (m=2.0+1.0i),9.305084745762713,0.8250630152051479,1.3039328873676697,2.1289959025728176
100.0,strongly absorbing (m=2.0+1.0i),9.542372881355933,0.8265188712572935,1.3046218050958887,2.131140676353182
100.0,strongly absorbing (m=2.0+1.0i),9.779661016949152,0.8279657368144917,1.3052992823178837,2.1332650191323754
100.0,strongly absorbing (m=2.0+1.0i),10.016949152542374,0.8294038279322713,1.3059657232836588,2.13536955121593
100.0,strongly absorbing (m=2.0+1.0i),10.254237288135593,0.8308333516916993,1.306621508990011,2.1374548606817103
100.0,strongly absorbing (m=2.0+1.0i),10.491525423728813,0.8322545059333917,1.3072669990150765,2.139521504948468
100.0,strongly absorbing (m=2.0+1.0i),10.728813559322035,0.8336674805173883,1.3079025331765863,2.1415700136939746
100.0,strongly absorbing (m=2.0+1.0i),10.966101694915254,0.8350724572154766,1.308528433017724,2.1436008902332007
100.0,strongly absorbing (m=2.0+1.0i),11.203389830508474,0.8364696108071334,1.309145003166711,2.1456146139738443
100.0,strongly absorbing (m=2.0+1.0i),11.440677966101696,0.8378591088990006,1.309752532557613,2.1476116414566135
100.0,strongly absorbing (m=2.0+1.0i),11.677966101694915,0.8392411126502044,1.3103512955402163,2.1495924081904207
100.0,strongly absorbing (m=2.0+1.0i),11.915254237288137,0.8406157773891223,1.310941552895507,2.1515573302846294
100.0,strongly absorbing (m=2.0+1.0i),12.152542372881356,0.8419832523352311,1.3115235527607652,2.1535068050959962
100.0,strongly absorbing (m=2.0+1.0i),12.389830508474576,0.8433436813695785,1.3120975314736016,2.15544121284318
100.0,strongly absorbing (m=2.0+1.0i),12.627118644067798,0.844697203201636,1.3126637143446174,2.1573609175462534
100.0,strongly absorbing (m=2.0+1.0i),12.864406779661017,0.8460439516438916,1.3132223163659966,2.159266268009888
100.0,strongly absorbing (m=2.0+1.0i),13.101694915254237,0.8473840558676682,1.313773542862391,2.161157598730059
100.0,strongly absorbing (m=2.0+1.0i),13.338983050847459,0.8487176406382484,1.314317590090873,2.1630352307291214
100.0,strongly absorbing (m=2.0+1.0i),13.576271186440678,0.8500448265202416,1.3148546457972872,2.1648994723175288
100.0,strongly absorbing (m=2.0+1.0i),13.813559322033898,0.8513657300581221,1.3153848897306835,2.1667506197888056
100.0,strongly absorbing (m=2.0+1.0i),14.05084745762712,0.8526804639935945,1.3159084941039136,2.168588958097508
100.0,strongly absorbing (m=2.0+1.0i),14.288135593220339,0.8539891376668043,1.3164256240021317,2.170414761668936
100.0,strongly absorbing (m=2.0+1.0i),14.525423728813559,0.8552918567740262,1.316936437809629,2.1722282945836553
100.0,strongly absorbing (m=2.0+1.0i),14.76271186440678,0.8565887236916614,1.31744108766965,2.1740298113613115
100.0,strongly absorbing (m=2.0+1.0i),15.0,0.8578798374877579,1.317939719741998,2.175819557229756
