radius_um,refractive_index_label,q_abs_mean,q_abs_min,q_abs_max,relative_spectral_spread
5.0,moderately absorbing (m=1.7+0.5i),1.3685007654173953,0.972264485201769,1.5389070831360205,0.41406085568496154
5.0,strongly absorbing (m=2.0+1.0i),1.298374880633739,0.8838978194931595,1.5761831064174927,0.5331936848519648
5.0,weakly absorbing (m=1.5+0.3i),1.3031430926110505,1.0189397872688726,1.3982703604404436,0.29108896430669257
20.0,moderately absorbing (m=1.7+0.5i),1.057072199008912,0.8856413893418351,1.1972351755817752,0.29477058098026193
20.0,strongly absorbing (m=2.0+1.0i),0.9649375944343084,0.796752264044805,1.0983041183944757,0.31250917788777266
20.0,weakly absorbing (m=1.5+0.3i),1.106477229236449,0.9304488841152014,1.2504595198119857,0.2892157445640478
50.0,moderately absorbing (m=1.7+0.5i),0.9483860073720158,0.8636491898343881,1.0204109320774457,0.16529318339211424
50.0,strongly absorbing (m=2.0+1.0i),0.8597564392152547,0.7738215203146823,0.9307690739238255,0.18254885505992546
50.0,weakly absorbing (m=1.5+0.3i),0.9945730107182926,0.9082034483269505,1.068498303003156,0.16116951993342213
100.0,moderately absorbing (m=1.7+0.5i),0.9037700638238647,0.8553463302636726,0.945954857949094,0.10025617279472097
100.0,strongly absorbing (m=2.0+1.0i),0.8151381459416951,0.7650664635504201,0.8578798374877579,0.11386214030029766
100.0,weakly absorbing (m=1.5+0.3i),0.9489309984499539,0.8998338214479782,0.9919461053368048,0.09706952775205878
