radius_um,refractive_index_label,johansson_gray_q_abs,mie_spectral_mean_q_abs,ratio_mie_to_johansson
5.0,weakly absorbing (m=1.5+0.3i),1.0917381763852916,1.3031430926110505,1.1936406739257883
5.0,moderately absorbing (m=1.7+0.5i),1.0917381763852916,1.3685007654173953,1.2535063763625591
5.0,strongly absorbing (m=2.0+1.0i),1.0917381763852916,1.298374880633739,1.1892731322565036
20.0,weakly absorbing (m=1.5+0.3i),0.9352946401652847,1.106477229236449,1.1830253074484776
20.0,moderately absorbing (m=1.7+0.5i),0.9352946401652847,1.057072199008912,1.1302023486653434
20.0,strongly absorbing (m=2.0+1.0i),0.9352946401652847,0.9649375944343084,1.0316937069839138
50.0,weakly absorbing (m=1.5+0.3i),0.9022720317295209,0.9945730107182926,1.1022983931041779
50.0,moderately absorbing (m=1.7+0.5i),0.9022720317295209,0.9483860073720158,1.051108727768167
50.0,strongly absorbing (m=2.0+1.0i),0.9022720317295209,0.8597564392152547,0.9528794077405124
100.0,weakly absorbing (m=1.5+0.3i),0.8911634199546217,0.9489309984499539,1.064822654523088
100.0,moderately absorbing (m=1.7+0.5i),0.8911634199546217,0.9037700638238647,1.0141462761901572
100.0,strongly absorbing (m=2.0+1.0i),0.8911634199546217,0.8151381459416951,0.9146898623635182
