temperature_k,mole_fraction_h2o,reference_kappa_m-1,predicted_kappa_m-1
1357.5539568345323,0.23,0.5552511461371883,0.5483023600689091
405.75539568345323,1.0,26.414008069390214,26.148934193431558
1493.525179856115,0.8499999999999999,1.6984515524905557,1.6698923019361496
1433.0935251798562,0.44999999999999996,0.9758515428591856,0.9956623126481405
858.9928057553957,0.23,1.3748898419349385,1.3451170594650732
1795.68345323741,0.11,0.1525825205356324,0.1595334219073934
2354.6762589928057,0.05,0.040541873321726145,0.038449044296649575
1055.3956834532373,0.06,0.2385227956494874,0.2360205036071891
390.6474820143885,0.44999999999999996,12.814271180494563,12.713448013770186
375.53956834532374,0.06999999999999999,2.1553328372594556,2.2517705894723377
2052.517985611511,0.045000000000000005,0.04789691182970332,0.04598679017782438
1342.4460431654677,0.3,0.7404769514842132,0.7467555928794726
647.4820143884892,0.7,7.325572041089095,7.548565216999016
481.294964028777,0.13,2.448414875837351,2.607185462422018
602.158273381295,0.24,2.899967801716001,2.8953715520026453
1266.906474820144,0.35,0.9689191138839974,0.9857035309737147
1674.820143884892,0.16999999999999998,0.2707149791592284,0.27040633750722043
541.726618705036,0.23,3.4269095969848618,3.4356502850704786
707.9136690647482,0.04,0.3507767022958226,0.33371737775599397
1342.4460431654677,0.14,0.34555591069263286,0.34667700658984574
1629.4964028776978,0.6499999999999999,1.0929016260730262,1.0762205485704737
1040.2877697841727,1.0,4.090570988639601,4.09516726576789
481.294964028777,0.06999999999999999,1.318377240835497,1.4153252164545498
1674.820143884892,0.02,0.03184882107755629,0.03108038779802341
481.294964028777,0.045000000000000005,0.847528226251391,0.8443164005859077
889.2086330935252,0.1,0.5582073449389372,0.5722441407976526
2143.1654676258995,0.09,0.08793358401895823,0.09266521498824565
723.0215827338129,0.06999999999999999,0.5887083478824068,0.608971509602714
2097.8417266187053,0.06,0.06115810698206362,0.06163187580116185
451.0791366906475,0.25,5.353855218528262,5.318489928681384
481.294964028777,0.04,0.7533584233345697,0.7362723714132934
874.1007194244604,0.19,1.0972178791655618,1.0729742224007661
602.158273381295,0.015,0.18124798760725006,0.19246161510331758
375.53956834532374,0.1,3.0790469103706513,3.273581530871856
451.0791366906475,0.44999999999999996,9.636939393350872,9.821545298535273
1312.2302158273383,0.21,0.5422459727393905,0.5329415787231914
1433.0935251798562,0.19,0.41202620698498954,0.4067027203168449
1825.8992805755395,0.06,0.08052045967512118,0.08184102661906495
1146.0431654676258,0.14,0.47272840785859094,0.47049144470405446
1070.5035971223022,0.24,0.9276003712316735,0.909332111473403
2052.517985611511,0.02,0.02128751636875703,0.02052137090422584
889.2086330935252,0.8499999999999999,4.744762431980965,4.737866121906634
1508.63309352518,0.25,0.48968262790450634,0.48768257674726173
1961.8705035971223,0.13,0.15132157907729693,0.1562808751049343
692.8057553956835,0.035,0.3203312777080898,0.30078922698461846
1040.2877697841727,0.22,0.8999256175007122,0.8780601417456751
1674.820143884892,0.5499999999999999,0.8758425796327978,0.8803841085987233
1282.0143884892086,0.1,0.27040834816390225,0.27755795404330896
1886.3309352517986,1.0,1.2581723077199882,1.2913462826064082
1266.906474820144,0.6,1.6610041952297099,1.6322744773843523
1221.5827338129498,0.045000000000000005,0.1338986823535657,0.127512569601356
1312.2302158273383,0.12,0.30985484156536597,0.31477686601445565
1040.2877697841727,0.7999999999999999,3.2724567909116797,3.208015390592026
2384.8920863309354,0.6499999999999999,0.5138978124722267,0.5122468779500757
1282.0143884892086,0.22,0.594898365960585,0.5848219596507908
1705.0359712230215,0.7,1.0759136832447573,1.0572481039362573
1251.7985611510792,0.7,1.9844458984589544,1.928630356245655
2007.1942446043165,0.09,0.10012657517949262,0.10566060723430787
1161.1510791366907,0.8999999999999999,2.9611347059624173,2.9185791397014813
571.9424460431655,0.1,1.3380613322740857,1.4436660965699815
1297.1223021582734,0.7,1.849431476635788,1.797800043703328
1538.8489208633093,0.03,0.05649812153096221,0.05272243473007518
2309.3525179856115,0.6,0.5056004709065567,0.5070777088333962
481.294964028777,0.5,9.41698029168212,9.709470314151355
526.6187050359713,0.18,2.8365010032019216,2.89296795169896
858.9928057553957,0.8999999999999999,5.380003729310628,5.414941732122752
1946.7625899280577,0.18,0.2127557248436664,0.21175233193849816
1780.5755395683454,0.1,0.14105273252508863,0.14819806889758527
315.10791366906477,0.6499999999999999,28.332332858487558,26.634545586700376
1795.68345323741,0.16,0.2219382116881926,0.2233271834614633
2279.1366906474823,0.06,0.05189662119542601,0.051577199140681575
1765.4676258992806,0.02,0.028690812489286722,0.028011707621947008
345.32374100719426,0.6,21.81411378317691,21.22484374801108
707.9136690647482,0.06,0.5261650534437339,0.5346076313124108
692.8057553956835,0.14,1.2813251108323591,1.3113052275833563
858.9928057553957,0.02,0.11955563842912509,0.11335295492038083
768.3453237410072,0.16,1.1929186078769007,1.1904998707634178
2279.1366906474823,0.025,0.021623592164760844,0.01957339476036818
1161.1510791366907,0.15,0.4935224509937363,0.48851319275397603
692.8057553956835,0.7999999999999999,7.321857776184908,7.523202750856596
541.726618705036,1.0,14.899606943412444,15.448739965836577
843.884892086331,0.25,1.5479148117341799,1.5205072428328161
1780.5755395683454,0.02,0.02821054650501773,0.027539603298142444
662.589928057554,0.25,2.499416280510425,2.484046122982925
858.9928057553957,0.12,0.7173338305747505,0.7286258414160188
1221.5827338129498,0.03,0.08926578823571046,0.08189295911848096
1841.0071942446043,0.16,0.21124443577816648,0.21267736943889068
526.6187050359713,0.2,3.1516677813354685,3.183840479749933
707.9136690647482,0.39999999999999997,3.5077670229582254,3.5678688121185926
1372.6618705035971,0.95,2.2436914595436943,2.232603907988429
768.3453237410072,0.04,0.2982296519692252,0.28133916156013117
300.0,0.2,9.608858460724658,8.635368281599918
315.10791366906477,0.6,26.15292263860389,24.484555944289106
1206.474820143885,0.04,0.12199186760390496,0.11421567340495317
2203.5971223021584,0.03,0.027740148295388966,0.02518919085950872
1040.2877697841727,0.09,0.36815138897756405,0.3759547148340778
2097.8417266187053,0.7999999999999999,0.8154414264275148,0.8102979373419059
768.3453237410072,0.3,2.236722389769189,2.229799618033428
1206.474820143885,0.1,0.30497966900976237,0.31194982819140804
1433.0935251798562,0.8999999999999999,1.9517030857183713,1.9294695582462433
1961.8705035971223,0.08,0.09312097173987503,0.09777820696306919
798.5611510791367,0.39999999999999997,2.7628924340700327,2.797152136379191
1387.769784172662,0.8499999999999999,1.964448232137613,1.9259022429783235
647.4820143884892,0.24,2.511624699801976,2.4976410834767586
2264.028776978417,0.6499999999999999,0.569670143141589,0.5681709661229845
1916.546762589928,0.15,0.182876859006036,0.1855891610345287
1523.7410071942447,0.6,1.1522658173880995,1.1400351966100915
1992.086330935252,0.95,1.0728300676090885,1.091172949179414
2097.8417266187053,0.35,0.35675562406203776,0.3590607401917023
1402.8776978417266,0.8499999999999999,1.9227583065039484,1.8856815684524133
858.9928057553957,0.5499999999999999,3.2877800568009388,3.290324944267362
1871.2230215827337,0.16999999999999998,0.21732400940576327,0.21750736979032081
1402.8776978417266,0.25,0.5655171489717495,0.5621130187504539
2233.812949640288,0.22,0.19801257670151629,0.19248042836173332
617.2661870503597,0.02,0.23008678131375848,0.2246094621914968
1614.388489208633,0.025,0.0428175658687487,0.04033971922129796
1493.525179856115,0.03,0.05994534891143138,0.05583683011929326
1523.7410071942447,0.08,0.15363544231841328,0.15968210723453558
1327.3381294964029,0.95,2.3980130090325993,2.3831914034969257
1886.3309352517986,0.5,0.6290861538599941,0.6417079144225236
1176.2589928057555,0.01,0.03206958284135884,0.039915149972289794
360.431654676259,0.19,6.345975941846878,6.165410937121577
1387.769784172662,0.24,0.5546677361329733,0.5495500198010982
556.8345323741007,0.13,1.8342223211084576,1.940004765295268
753.2374100719425,0.02,0.15509827358793524,0.14849211469046422
1010.0719424460432,0.6499999999999999,2.818757524034408,2.7648933704757344
451.0791366906475,0.6499999999999999,13.92002356817348,14.455392004343908
1161.1510791366907,0.05,0.16450748366457874,0.15877260793729828
1825.8992805755395,0.6499999999999999,0.8723049798138126,0.8643281102167508
2354.6762589928057,0.75,0.6081280998258922,0.6034090292493808
889.2086330935252,0.02,0.11164146898778743,0.10567856723709394
2022.3021582733813,0.16999999999999998,0.18633911959517188,0.18638303558694108
1614.388489208633,0.35,0.5994459221624818,0.6147047061948299
2128.0575539568345,0.05,0.049541467790106514,0.04817146612174404
723.0215827338129,0.3,2.523035776638886,2.5206618428157372
1569.0647482014388,0.75,1.3590763757964812,1.3285386276641833
1810.7913669064749,0.03,0.04092840831467209,0.03828374063934597
1976.978417266187,0.6499999999999999,0.7451962403167735,0.7411087264058076
541.726618705036,0.04,0.5959842777364976,0.5813186046796837
2173.3812949640287,0.44999999999999996,0.4276409158925427,0.43552965257740034
723.0215827338129,0.6499999999999999,5.4665775160509185,5.546609702289188
1266.906474820144,0.035,0.09689191138839971,0.08977066931164181
1282.0143884892086,0.16,0.4326533570622436,0.4281089638492147
1206.474820143885,0.03,0.09149390070292873,0.08386535771263617
1569.0647482014388,0.39999999999999997,0.7248407337581233,0.7460232971030156
1010.0719424460432,0.24,1.0407720088742431,1.0189460593074642
496.40287769784175,0.03,0.5314600941677948,0.5061147743815979
1115.8273381294964,0.03,0.10680548615018427,0.09746327801310166
587.0503597122301,1.0,12.707027376235482,13.194033864319083
1976.978417266187,0.25,0.2866139385833744,0.28253631668697893
375.53956834532374,1.0,30.79046910370651,29.706981661351996
753.2374100719425,0.12,0.9305896415276113,0.9579096873323079
1100.7194244604316,0.75,2.743231183068911,2.6733504033119355
2052.517985611511,0.1,0.10643758184378514,0.11226690431580245
1236.6906474820144,0.1,0.2903944418943502,0.29742172462083094
1070.5035971223022,0.045000000000000005,0.1739250696059388,0.1646526086796993
768.3453237410072,1.0,7.455741299230629,7.623923902753987
1282.0143884892086,0.5499999999999999,1.487245914901462,1.4768324390712726
2082.73381294964,0.15,0.1551002936095086,0.15749297783213032
1705.0359712230215,0.5499999999999999,0.8453607511208805,0.8504781224620107
2324.4604316546765,0.025,0.020796291689089554,0.01868636586948177
2082.73381294964,0.23,0.2378204502012465,0.23277472000487132
1312.2302158273383,1.0,2.582123679711383,2.586458449414312
300.0,0.7,33.631004612536294,30.91009882189637
1735.2517985611512,0.21,0.3117345639772765,0.30857930754780505
1765.4676258992806,0.16,0.22952649991429375,0.23086065720574803
571.9424460431655,0.05,0.6690306661370429,0.6747927162942603
481.294964028777,0.7,13.183772408354967,13.795684416232938
828.7769784172662,0.035,0.22460420206593334,0.20739721684531912
1825.8992805755395,0.23,0.30866176208796453,0.30528422950012846
1463.3093525179856,0.01,0.020807469889444995,0.026433212795654654
466.1870503597122,0.045000000000000005,0.9028063575801896,0.8984901134890287
1327.3381294964029,0.39999999999999997,1.0096896880137258,1.032136870251248
1146.0431654676258,0.8999999999999999,3.0389683362337987,2.9961660304359454
828.7769784172662,0.03,0.19251788748508575,0.176290940793167
345.32374100719426,0.21,7.6349398241119175,7.23335651916936
466.1870503597122,0.14,2.808730890249478,2.9606035881998354
2173.3812949640287,0.05,0.04751565732139364,0.04601687978523319
1100.7194244604316,0.23,0.8412575628077993,0.8234590106941049
1946.7625899280577,0.5499999999999999,0.6500869370223137,0.6571933127862962
2188.4892086330938,0.75,0.7030203428496707,0.6974510741149464
1130.9352517985612,0.75,2.599934890037218,2.5308594435580942
1720.1438848920864,0.18,0.2718703497746741,0.2706393731294544
662.589928057554,0.15,1.4996497683062553,1.5309994439249788
2324.4604316546765,0.08,0.06654813340508656,0.06907468820483263
2022.3021582733813,0.2,0.21922249364137872,0.21615388914272596
2052.517985611511,0.14,0.14901261458129916,0.15265232192300585
1720.1438848920864,0.16,0.24166253313304364,0.24287004333390333
1161.1510791366907,0.6,1.9740898039749453,1.938695366366929
949.6402877697842,0.21,1.0290669222424964,1.0027671176890305
1463.3093525179856,0.22,0.45776433756778995,0.4524771094216212
2188.4892086330938,0.16,0.1499776731412631,0.15088424987906796
1115.8273381294964,0.23,0.8188420604847462,0.8018794420880984
405.75539568345323,0.75,19.810506052042662,20.345415723435327
1357.5539568345323,0.01,0.02414135417987775,0.030439719655549327
2203.5971223021584,1.0,0.924671609846299,0.9543468541793109
315.10791366906477,0.8499999999999999,37.04997373802219,34.52543004866834
1553.9568345323742,0.09,0.16624535593126197,0.17351368028619846
1251.7985611510792,0.09,0.2551430440875798,0.2620757489557766
1221.5827338129498,0.11,0.327307890197605,0.3332955738235671
2067.6258992805756,0.19,0.19931446226769667,0.19702181656660597
2037.4100719424462,0.03,0.032402062707773446,0.02994990898129904
949.6402877697842,0.06999999999999999,0.34302230741416545,0.346411992295529
2384.8920863309354,0.16,0.12649792307008653,0.1268996551348616
1871.2230215827337,0.015,0.019175647888743822,0.020362297130567152
1841.0071942446043,0.02,0.026405554472270807,0.025750474025889324
1599.2805755395684,0.6499999999999999,1.1341876817660999,1.1157534650643541
1493.525179856115,0.015,0.0299726744557157,0.031606977435188977
1327.3381294964029,0.035,0.08834784770120105,0.08214230656806798
828.7769784172662,0.18,1.1551073249105146,1.135674395544281
904.31654676259,0.16999999999999998,0.9178023002964715,0.9010700203542042
2112.94964028777,0.13,0.1306388001367958,0.1350778696366854
1674.820143884892,0.01,0.01592441053877815,0.020445246762530074
1206.474820143885,0.7,2.134857683068337,2.07518574126463
1720.1438848920864,0.09,0.13593517488733706,0.14283054820201777
1402.8776978417266,0.06,0.13572411575321988,0.13632304825465058
1055.3956834532373,0.44999999999999996,1.788920967371155,1.803598818795239
1115.8273381294964,0.95,3.382173728089169,3.3585315696838607
360.431654676259,0.06,2.0039924026884877,2.021922347047768
526.6187050359713,0.09,1.4182505016009608,1.543667664126047
1312.2302158273383,0.7,1.8074865757979681,1.757286731068535
692.8057553956835,0.35,3.203312777080898,3.239118485739345
2022.3021582733813,0.08,0.08768899745655147,0.09201870654780614
2264.028776978417,0.015,0.01314623407249821,0.013508255536738437
858.9928057553957,0.04,0.23911127685825015,0.22355735214329522
2233.812949640288,0.12,0.10800686001900889,0.1126157611529205
1931.6546762589928,0.75,0.9002706037243471,0.8896717244387513
1976.978417266187,0.39999999999999997,0.45858230173339903,0.46968103669602945
1100.7194244604316,0.44999999999999996,1.6459387098413463,1.6608750896695035
828.7769784172662,0.14,0.8984168082637335,0.9019238911365854
1795.68345323741,0.24,0.3329073175322889,0.32998888544002813
300.0,0.11,5.284872153398562,5.17244089195932
435.9712230215828,0.11,2.52016809123404,2.7222834825470663
1886.3309352517986,0.22,0.2767979076983974,0.27318777631839447
1931.6546762589928,0.12,0.14404329659589557,0.14995885031208575
1010.0719424460432,0.22,0.9540410081347229,0.93048261017662
647.4820143884892,0.6,6.279061749504939,6.4465798598517745
813.6690647482014,0.035,0.23294136541496996,0.21539119467092052
1357.5539568345323,0.06,0.14484812507926653,0.14513443184998467
1553.9568345323742,0.01,0.018471706214584663,0.023594311901733278
1901.4388489208634,0.1,0.1238444786412939,0.13046666288082606
2067.6258992805756,0.03,0.031470704568583696,0.029012216793111986
330.2158273381295,0.035,1.390414448539618,1.240190970573792
1251.7985611510792,0.24,0.680381450900213,0.6711246764615666
843.884892086331,0.39999999999999997,2.4766636987746873,2.503773240669959
375.53956834532374,0.05,1.5395234551853256,1.5163183198063004
1085.611510791367,0.06999999999999999,0.26314197271739015,0.2654142880222788
2324.4604316546765,0.24,0.19964440021525967,0.1923335995479316
1553.9568345323742,0.14,0.25860388700418524,0.26198498667850456
1478.4172661870505,0.06,0.12233002952589946,0.12333637220168034
1493.525179856115,0.08,0.15985426376381703,0.16589712731418185
1599.2805755395684,0.2,0.34898082515879997,0.3454801365474068
541.726618705036,0.02,0.2979921388682488,0.29354093471315107
1282.0143884892086,0.44999999999999996,1.21683756673756,1.2348739412254073
1433.0935251798562,0.16,0.3469694374610438,0.34555172368874654
1085.611510791367,0.03,0.11277513116459577,0.10279471669398492
2324.4604316546765,0.02,0.016637033351271643,0.015497339951895294
2233.812949640288,0.045000000000000005,0.040502572507128354,0.038218662704153764
1644.6043165467627,0.2,0.33018506350041127,0.327029293071387
2158.273381294964,0.01,0.009635370555899287,0.012185744553823286
1025.179856115108,0.025,0.1052714778972339,0.0963717537592281
2369.7841726618703,0.3,0.24018859408777693,0.23200930205017092
1085.611510791367,0.12,0.45110052465838313,0.45456236698638464
964.7482014388489,0.035,0.1662310819669633,0.15248563655420475
1191.36690647482,0.24,0.7504541371978327,0.7386061205260396
1538.8489208633093,0.09,0.16949436459288666,0.1767751715881974
375.53956834532374,0.5499999999999999,16.93475800703858,16.843894249016394
632.3741007194244,0.7,7.676354431154065,7.931395435989246
1402.8776978417266,0.05,0.11310342979434991,0.11053359791585868
300.0,0.14,6.726200922507262,6.389016222335575
375.53956834532374,0.015,0.4618570365555977,0.4772805619685367
420.863309352518,0.8999999999999999,22.11176256188841,22.62908836324374
1282.0143884892086,0.05,0.13520417408195112,0.13127124653862807
315.10791366906477,0.18,7.845876791581168,7.319691023887384
647.4820143884892,0.04,0.41860411663366265,0.40214316572284237
345.32374100719426,0.22,7.998508387164866,7.543724804776671
2067.6258992805756,0.7,0.7343164399336194,0.728249019192858
1976.978417266187,0.5499999999999999,0.6305506648834236,0.6376263764129227
1795.68345323741,0.12,0.16645365876614449,0.17276754039476613
949.6402877697842,0.02,0.09800637354690443,0.09260938581212122
692.8057553956835,0.25,2.288080555057784,2.2681743073485907
2339.568345323741,0.015,0.012318651512044353,0.012509851958233132
768.3453237410072,0.6499999999999999,4.846231844499908,4.880399033404419
1433.0935251798562,0.2,0.4337117968263048,0.4278055338793027
2309.3525179856115,0.5,0.4213337257554639,0.42645577268836166
2143.1654676258995,0.08,0.07816318579462955,0.08179512820408817
813.6690647482014,0.01,0.06655467583284858,0.0828064046306615
919.4244604316547,0.24,1.253880955826085,1.22715664203808
2233.812949640288,0.06999999999999999,0.06300400167775519,0.0645942907124314
300.0,0.39999999999999997,19.217716921449313,17.044731775484458
466.1870503597122,0.19,3.8118490653385773,3.862310772081188
1674.820143884892,0.18,0.2866393896980066,0.28518839837154614
1297.1223021582734,0.8999999999999999,2.3778404699602986,2.343435966725174
858.9928057553957,0.19,1.1357785650766883,1.1116130958988129
526.6187050359713,0.6499999999999999,10.24292028934027,10.6925988936882
617.2661870503597,0.8499999999999999,9.778688205834735,10.199138480386194
1327.3381294964029,0.3,0.7572672660102946,0.7633124706511896
511.51079136690646,0.06999999999999999,1.168564027547944,1.2530306366807766
360.431654676259,0.015,0.5009981006721219,0.5117481175772192
1871.2230215827337,0.06999999999999999,0.08948635681413783,0.09284960715373078
2248.9208633093526,0.23,0.20426714520697825,0.19801887804939425
1614.388489208633,0.18,0.3082864742549907,0.3064097368314484
1297.1223021582734,0.09,0.2377840469960299,0.2448053515037519
1327.3381294964029,0.04,0.10096896880137261,0.09516668364611636
1508.63309352518,0.16999999999999998,0.33298418697506427,0.33114575690469134
511.51079136690646,0.06,1.0016263093268092,1.0502636459126689
1553.9568345323742,0.03,0.05541511864375398,0.05173944963734929
2037.4100719424462,0.22,0.23761512652367192,0.23323276010380165
1372.6618705035971,0.025,0.0590445120932551,0.055022452273095206
1206.474820143885,0.11,0.33547763591073865,0.34140093906177643
526.6187050359713,0.39999999999999997,6.303335562670935,6.452405654761701
1206.474820143885,0.5,1.524898345048812,1.5285276875115827
2037.4100719424462,0.06,0.06480412541554686,0.06551190296122633
345.32374100719426,0.6499999999999999,23.631956598441647,23.089734577900114
994.9640287769785,0.035,0.15637904710029082,0.14341870578365093
1070.5035971223022,0.01,0.0386500154679864,0.04784420102595814
2354.6762589928057,0.23,0.18649261727994032,0.17956889481151542
662.589928057554,0.16,1.5996264195266723,1.6216597946497182
2264.028776978417,0.025,0.02191039012083035,0.01987897420806144
405.75539568345323,0.08,2.1131206455512177,2.270641889439101
1674.820143884892,0.7,1.1147087377144702,1.094289044562419
934.5323741007194,0.18,0.910531038980109,0.8900934319081065
783.453237410072,1.0,7.173604125272378,7.32318742344159
843.884892086331,0.21,1.300248441856711,1.2713006016140487
556.8345323741007,0.12,1.693128296407807,1.8068363816542967
1085.611510791367,0.95,3.571212486878866,3.549132331946573
1115.8273381294964,0.09,0.32041645845055283,0.32746298241339583
2339.568345323741,0.5,0.4106217170681451,0.4150592583135578
1599.2805755395684,0.19,0.33153178390086,0.32862310886472523
2309.3525179856115,0.045000000000000005,0.03792003531799175,0.035436822140382546
571.9424460431655,0.16999999999999998,2.274704264865945,2.3237229042664267
2082.73381294964,0.02,0.020680039147934478,0.019882030088315506
1523.7410071942447,0.19,0.36488417550623153,0.36110910298748294
2097.8417266187053,0.6,0.6115810698206362,0.6136364696980594
1342.4460431654677,0.35,0.8638897767315821,0.8813681193202904
2384.8920863309354,0.22,0.173934644221369,0.16762956723247235
1825.8992805755395,0.19,0.2549814556378837,0.25305000633579167
2007.1942446043165,0.7,0.7787622513960538,0.7715222200209676
2097.8417266187053,0.5499999999999999,0.5606159806689164,0.5670883752938206
843.884892086331,0.35,2.167080736427852,2.1794205669946867
1176.2589928057555,0.8499999999999999,2.725914541515501,2.6697708086249228
435.9712230215828,0.035,0.8018716653926491,0.7657729216974533
1312.2302158273383,0.8499999999999999,2.1948051277546754,2.148972908018168
904.31654676259,0.06999999999999999,0.3779185942397236,0.3825530542481681
1795.68345323741,0.06999999999999999,0.09709796761358426,0.1007222432664112
1055.3956834532373,0.5,1.987689963745728,1.9883172889199474
1644.6043165467627,0.1,0.16509253175020563,0.1726306534106252
1508.63309352518,0.75,1.469047883713519,1.433388607427352
2143.1654676258995,0.06,0.058622389345972144,0.058908944512395145
919.4244604316547,0.13,0.6791855177391294,0.6817856131782479
1266.906474820144,0.02,0.055366806507656983,0.05295280139274794
2339.568345323741,0.01,0.0082124343413629,0.010146421750867251
753.2374100719425,0.5499999999999999,4.265202523668218,4.315887174884304
526.6187050359713,0.13,2.0485840578680543,2.1754247125360946
2022.3021582733813,0.7999999999999999,0.8768899745655148,0.8704405563912441
1478.4172661870505,0.12,0.24466005905179894,0.25069625705441256
2218.705035971223,0.13,0.1185911318946578,0.12261610507939387
2007.1942446043165,0.5,0.5562587509971813,0.5673206743049628
451.0791366906475,0.3,6.424626262233916,6.3945842267923565
1478.4172661870505,0.6,1.2233002952589944,1.2085362892396323
1508.63309352518,0.6,1.1752383069708152,1.1621873599605352
2173.3812949640287,0.75,0.7127348598209047,0.7070135057220471
405.75539568345323,0.01,0.2641400806939022,0.3348801797549548
1040.2877697841727,0.6,2.4543425931837604,2.4157783118026313
1841.0071942446043,0.25,0.33006943090338514,0.3273560581965018
315.10791366906477,0.04,1.7435281759069265,1.552624921232679
662.589928057554,0.01,0.099976651220417,0.1268108576675552
2203.5971223021584,0.01,0.00924671609846299,0.01163745217123287
1266.906474820144,0.08,0.221467226030628,0.2270622830109585
2384.8920863309354,0.1,0.07906120191880413,0.08294363632468604
405.75539568345323,0.12,3.1696809683268263,3.368983550463696
919.4244604316547,0.18,0.9404107168695637,0.9197649464257698
1901.4388489208634,0.39999999999999997,0.4953779145651755,0.5087501753072963
1689.928057553957,0.21,0.3285158207590056,0.32525411045966457
1916.546762589928,0.19,0.2316440214076456,0.2296739092556312
496.40287769784175,0.035,0.620036776529094,0.596251752865163
1372.6618705035971,0.08,0.18894243869841634,0.19481882288466237
692.8057553956835,0.39999999999999997,3.6609288880924544,3.727156262486151
1584.1726618705036,0.7999999999999999,1.422420307750852,1.394876334402443
1100.7194244604316,0.12,0.43891698929102574,0.4423797232243528
2007.1942446043165,0.16,0.17800280031909801,0.17931262369900983
707.9136690647482,0.24,2.1046602137749355,2.0813883548316063
1810.7913669064749,0.11,0.15007083048713105,0.15697282766732473
783.453237410072,0.8499999999999999,6.09756350648152,6.183481650476716
1659.7122302158273,1.0,1.6212864369405404,1.6487855992784082
1206.474820143885,0.75,2.287347517573218,2.2228951660339042
1115.8273381294964,0.39999999999999997,1.4240731486691234,1.4438818278424383
1448.2014388489208,0.035,0.07433895999412435,0.06957139473240667
2339.568345323741,0.7999999999999999,0.6569947473090321,0.6532780913049988
2400.0,0.035,0.027327397353651584,0.02425574695724576
1810.7913669064749,0.09,0.12278522494401632,0.12932482935553047
1025.179856115108,0.8999999999999999,3.7897732043004195,3.754841132017039
1629.4964028776978,0.14,0.23539419638495954,0.23917145023363248
1266.906474820144,1.0,2.76834032538285,2.769624376049527
1871.2230215827337,0.2,0.25567530518325093,0.25297295851910134
1659.7122302158273,0.25,0.4053216092351351,0.40370627718124674
1765.4676258992806,0.13,0.18649028118036365,0.19182728928574524
632.3741007194244,0.25,2.7415551539835947,2.731713146938315
1780.5755395683454,0.7,0.9873691276756204,0.9725615662843474
1705.0359712230215,0.045000000000000005,0.06916587963716296,0.06716387310557158
2354.6762589928057,0.6499999999999999,0.5270443531824399,0.5254789746554843
1976.978417266187,0.015,0.01719683631500246,0.018181310381422316
2007.1942446043165,0.06999999999999999,0.07787622513960539,0.08065076288721675
375.53956834532374,0.16,4.926475056593043,4.957442070214099
2037.4100719424462,0.16999999999999998,0.1836116886773828,0.18362829941234204
1644.6043165467627,0.08,0.13207402540016452,0.13798200086221085
360.431654676259,0.2,6.679974675628292,6.449532004051364
783.453237410072,0.22,1.578192907559923,1.54920783202658
2037.4100719424462,0.8999999999999999,0.9720618812332031,0.9790244438221737
1599.2805755395684,0.6,1.0469424754764,1.0384387485773385
1705.0359712230215,0.5,0.7685097737462552,0.7820205308918599
647.4820143884892,0.5499999999999999,5.75580660371286,5.90637289903184
919.4244604316547,0.39999999999999997,2.089801593043475,2.1106548575344846
1085.611510791367,0.22,0.827017628540369,0.8076978005935065
435.9712230215828,0.6499999999999999,14.891902357292054,15.405884750697817
1795.68345323741,1.0,1.387113823051204,1.419018256345709
1025.179856115108,0.35,1.4738006905612746,1.4850969706227317
828.7769784172662,0.06999999999999999,0.44920840413186675,0.4577219517877192
1282.0143884892086,0.035,0.09464292185736578,0.08776370322490065
330.2158273381295,0.1,3.9726127101131947,4.068994618574316
1961.8705035971223,0.1,0.11640121467484377,0.1227201306574018
2400.0,0.8999999999999999,0.7027045033796121,0.707577047976283
375.53956834532374,0.7999999999999999,24.632375282965203,24.77746404954795
1040.2877697841727,0.14,0.5726799384095441,0.5691040841453757
496.40287769784175,0.24,4.251680753342359,4.255365834134724
2037.4100719424462,0.39999999999999997,0.4320275027703125,0.44125269500188863
1176.2589928057555,0.02,0.06413916568271766,0.06099713742208263
451.0791366906475,0.22,4.711392592304872,4.704257831278843
813.6690647482014,0.14,0.93176546165988,0.936931352125822
889.2086330935252,0.25,1.395518362347343,1.3693071519001025
994.9640287769785,1.0,4.467972774294023,4.481510767715659
1085.611510791367,0.025,0.09397927597049649,0.08617323554955392
707.9136690647482,0.7,6.138592290176894,6.254942100585515
1931.6546762589928,0.23,0.2760829851421331,0.27211220789830226
813.6690647482014,0.13,0.8652107858270314,0.8764869516354581
1025.179856115108,0.16999999999999998,0.7158460497011904,0.700882999022344
1599.2805755395684,0.21,0.36642986641673997,0.3626645545688802
1871.2230215827337,0.04,0.05113506103665019,0.048732219371167146
677.6978417266187,0.16,1.529752171005958,1.5469832241506054
2264.028776978417,0.02,0.017528312096664278,0.01648509817427307
632.3741007194244,0.015,0.1644933092390157,0.17390240396114592
1493.525179856115,0.12,0.2397813956457255,0.24588465018847133
2173.3812949640287,0.7999999999999999,0.7602505171422982,0.7559438054703344
2384.8920863309354,0.7999999999999999,0.6324896153504328,0.6287138178320748
2400.0,0.6499999999999999,0.5075088079963864,0.5058048752738115
617.2661870503597,0.6499999999999999,7.477820392697147,7.726641483031171
1508.63309352518,0.21,0.4113334074397853,0.40656710992096556
889.2086330935252,0.21,1.172235424371768,1.1438454088939736
1674.820143884892,0.1,0.15924410538778141,0.16671723618676162
2400.0,0.08,0.062462622522632176,0.06452018540703107
2112.94964028777,0.7999999999999999,0.803931077764897,0.7989897449742218
979.8561151079136,0.75,3.4541113569061443,3.3921688800254657
300.0,0.16,7.687086768579727,7.145751288957527
1130.9352517985612,0.16999999999999998,0.5893185750751025,0.5778523857429492
662.589928057554,0.8999999999999999,8.99789860983753,9.328011757633718
360.431654676259,0.8999999999999999,30.059886040327314,29.40863449973375
1931.6546762589928,0.8999999999999999,1.0803247244692162,1.0859025270225087
1931.6546762589928,0.95,1.1403427647175062,1.1582689768401608
2173.3812949640287,0.09,0.08552818317850858,0.09007542640754804
1720.1438848920864,0.035,0.0528636791228533,0.04982737439340017
2007.1942446043165,0.6,0.6675105011966175,0.6691273274238143
2067.6258992805756,0.23,0.24127540169247494,0.23634187948678206
1297.1223021582734,0.14,0.3698862953271576,0.3702956322236768
1644.6043165467627,0.16999999999999998,0.28065730397534955,0.2801645618895476
2324.4604316546765,1.0,0.831851667563582,0.858111908280438
2007.1942446043165,0.19,0.2113783253789289,0.20924078189820158
1357.5539568345323,0.44999999999999996,1.0863609380944987,1.105495188311507
1659.7122302158273,0.44999999999999996,0.729578896623243,0.7487250323886765
541.726618705036,0.015,0.22349410415118665,0.2389623409694758
330.2158273381295,0.01,0.3972612710113194,0.47456013253883755
1856.1151079136691,0.75,0.9743047121562756,0.960992065436317
405.75539568345323,0.13,3.4338210490207284,3.6140633172875463
2264.028776978417,0.24,0.2103397451599714,0.2035040593118179
904.31654676259,0.19,1.0257790415078214,1.0017502413662762
2037.4100719424462,0.01,0.010800687569257816,0.013795377321800391
2158.273381294964,0.025,0.024088426389748223,0.022169007814913547
435.9712230215828,0.09,2.061955711009669,2.2439041746721697
405.75539568345323,0.14,3.6979611297146304,3.8522620936232195
2067.6258992805756,0.95,0.9965723113384835,1.0148653155618037
1130.9352517985612,0.39999999999999997,1.3866319413531827,1.4066720612041812
345.32374100719426,0.01,0.36356856305294843,0.4416737742329562
1342.4460431654677,0.8999999999999999,2.2214308544526395,2.190974685809196
662.589928057554,0.14,1.3996731170858383,1.4401687903336051
1916.546762589928,0.01,0.012191790600402402,0.015659667944190648
1327.3381294964029,0.19,0.47960260180651987,0.4716355378853524
858.9928057553957,0.3,1.7933345764368762,1.7835355354788307
1448.2014388489208,0.06,0.12743821713278458,0.12829861697010422
1100.7194244604316,1.0,3.6576415774252147,3.6562100629834875
1841.0071942446043,0.6,0.7921666341681243,0.7914900870523774
1387.769784172662,0.16,0.3697784907553155,0.36756407698310817
738.1294964028777,0.23,1.856680339499875,1.8299871457964276
1629.4964028776978,0.3,0.5044161351106277,0.5105556302422345
2264.028776978417,0.5499999999999999,0.48202858265826765,0.4866914522085879
1961.8705035971223,0.12,0.13968145760981251,0.1454852256626853
1614.388489208633,0.11,0.18839728982249426,0.19568272120567326
1206.474820143885,0.23,0.7014532387224535,0.6890504276374246
1266.906474820144,0.24,0.664401678091884,0.6557195922684899
1810.7913669064749,0.15,0.2046420415733605,0.20739175882636257
1327.3381294964029,0.6,1.5145345320205892,1.4899988378524913
813.6690647482014,0.08,0.5324374066627886,0.5492882456476368
1297.1223021582734,0.15,0.39630674499338314,0.39435976857034377
1659.7122302158273,0.6499999999999999,1.053836184011351,1.0387943749730308
692.8057553956835,0.11,1.006755444225425,1.0548855928186645
753.2374100719425,0.39999999999999997,3.101965471758704,3.146944944770428
1327.3381294964029,0.22,0.5553293284075493,0.5467856627221734
420.863309352518,0.16,3.9309800110023856,4.03572393123029
738.1294964028777,0.18,1.4530541787390325,1.441968211034387
692.8057553956835,0.44999999999999996,4.118544999104011,4.204468937754099
2188.4892086330938,0.15,0.14060406856993418,0.14271063571411896
1433.0935251798562,0.7,1.5179912888920668,1.4791617706934759
2384.8920863309354,0.01,0.007906120191880413,0.009695220956473887
556.8345323741007,0.045000000000000005,0.6349231111529278,0.6299241957713857
707.9136690647482,0.6,5.261650534437339,5.350804178393963
1750.3597122302158,0.75,1.0943808135137019,1.0760706762690122
1780.5755395683454,0.04,0.056421093010035436,0.05388551551285324
2067.6258992805756,0.08,0.08392187884955649,0.08799553610690836
753.2374100719425,0.06999999999999999,0.5428439575577733,0.5587475181877855
2037.4100719424462,0.75,0.8100515676943361,0.8022187991314967
1372.6618705035971,0.8999999999999999,2.125602435357184,2.097881579707323
677.6978417266187,0.05,0.4780475534393619,0.4736256610011576
1946.7625899280577,0.25,0.29549406228286995,0.2917394218326683
1221.5827338129498,0.18,0.5355947294142627,0.5253582872055068
949.6402877697842,0.1,0.4900318677345221,0.5004838941836384
798.5611510791367,0.25,1.7268077712937706,1.69941890947173
2007.1942446043165,0.75,0.8343881264957719,0.8258772037464377
647.4820143884892,0.44999999999999996,4.709296312128704,4.825798063375549
843.884892086331,0.7999999999999999,4.953327397549375,4.957862934360215
1463.3093525179856,0.16,0.33291951823112,0.3319666862964449
1992.086330935252,0.19,0.21456601352181773,0.21246277493499616
435.9712230215828,1.0,22.91061901121855,23.104129236984953
1463.3093525179856,0.8999999999999999,1.8726722900500496,1.8531145639717137
1448.2014388489208,0.04,0.08495881142185636,0.08059159845161755
1040.2877697841727,0.23,0.9408313273871082,0.9195625381055069
1433.0935251798562,0.1,0.21685589841315236,0.22440920254348498
1901.4388489208634,0.14,0.17338227009781143,0.17737213550780936
556.8345323741007,0.7999999999999999,11.287521976052044,11.846553035332109
556.8345323741007,0.6,8.465641482039034,8.793863637137207
1282.0143884892086,0.24,0.6489800355933654,0.6408432246518218
1916.546762589928,0.5499999999999999,0.6705484830221319,0.6776310789659133
2082.73381294964,0.03,0.031020058721901726,0.028556232740734138
390.6474820143885,0.12,3.4171389814652176,3.609836382761926
2324.4604316546765,0.5,0.415925833781791,0.4207066885232522
753.2374100719425,0.8499999999999999,6.591676627487247,6.71872418033916
692.8057553956835,0.23,2.1050341106531616,2.083433589271167
2112.94964028777,0.5,0.5024569236030607,0.5116954847402859
1327.3381294964029,0.16,0.40387587520549045,0.40040948991352865
2400.0,0.09,0.07027045033796123,0.07340747358001344
1856.1151079136691,0.95,1.2341193020646157,1.2508662386796086
2007.1942446043165,0.22,0.24475385043875972,0.24054334378690131
889.2086330935252,0.09,0.5023866104450435,0.516003979730724
1599.2805755395684,0.02,0.03489808251588001,0.033994359499962
1327.3381294964029,0.13,0.328149148604461,0.33123965586103704
2248.9208633093526,0.09,0.07993062203751324,0.0840113611073156
919.4244604316547,0.8499999999999999,4.440828385217384,4.418522658980187
2037.4100719424462,0.24,0.2592165016621875,0.2543878495983674
1976.978417266187,0.01,0.011464557543334978,0.014692035995975584
1901.4388489208634,0.025,0.03096111966032347,0.02909667589864735
1161.1510791366907,0.08,0.263211973863326,0.2686150568637723
1780.5755395683454,0.8999999999999999,1.2694745927257975,1.2706091432689666
1856.1151079136691,0.19,0.24682386041292317,0.24489789617251587
541.726618705036,0.95,14.154626596241815,14.778673572453966
405.75539568345323,0.1,2.641400806939022,2.847800264918308
2022.3021582733813,0.025,0.027402811705172343,0.025560435206943184
1176.2589928057555,0.16,0.5131133254617414,0.5056775735824806
2279.1366906474823,0.95,0.821696502260912,0.8373279749735376
1705.0359712230215,0.04,0.06148078189970042,0.05873867145821027
1297.1223021582734,0.25,0.6605112416556386,0.6544552629269891
2128.0575539568345,1.0,0.9908293558021304,1.0222022085129663
1266.906474820144,0.21,0.5813514683303985,0.5704433496790112
1417.9856115107914,0.02,0.04429142604047578,0.04277507090842859
1689.928057553957,0.05,0.07821805256166801,0.07720359156681457
858.9928057553957,1.0,5.977781921456254,6.055180914531515
1342.4460431654677,0.02,0.04936513009894754,0.04744853300685794
375.53956834532374,0.22,6.773903202815433,6.552816701451714
435.9712230215828,0.21,4.811229992355894,4.80295065148262
2309.3525179856115,0.015,0.012640011772663919,0.012899557364916539
481.294964028777,0.22,4.143471328340134,4.1555991431532755
420.863309352518,0.18,4.4223525123776835,4.467766853778518
1010.0719424460432,0.23,0.997406508504483,0.9743824630193171
1282.0143884892086,0.23,0.6219392007769752,0.612611529259661
813.6690647482014,0.025,0.16638668958212138,0.1533734122863478
1946.7625899280577,0.5,0.5909881245657399,0.6029103801335847
1689.928057553957,0.035,0.054752636793167594,0.051604031665218306
1508.63309352518,0.09,0.17628574604562228,0.18357999718189055
2218.705035971223,0.24,0.21893747426706056,0.21248069184065868
360.431654676259,0.035,1.168995568234951,1.0747317229481193
1992.086330935252,0.08,0.09034358464076538,0.09483926597994034
1795.68345323741,0.75,1.0403353672884028,1.024348444766215
1312.2302158273383,0.04,0.10328494718845532,0.09726646479015973
1010.0719424460432,0.12,0.5203860044371216,0.5244230478338908
2067.6258992805756,0.2,0.20980469712389124,0.20658163332120158
753.2374100719425,0.35,2.714219787788866,2.736618908230638
1387.769784172662,0.7999999999999999,1.8488924537765774,1.8032460959481182
934.5323741007194,0.13,0.6576057503745232,0.6595990412891256
496.40287769784175,0.44999999999999996,7.971901412516921,8.192967512360157
481.294964028777,0.02,0.37667921166728485,0.3713605156804732
1025.179856115108,0.23,0.9684975966545518,0.946348815006961
919.4244604316547,0.6499999999999999,3.395927588695646,3.3543187752049666
511.51079136690646,0.04,0.6677508728845395,0.6526595024076846
1417.9856115107914,0.06,0.13287427812142732,0.13356607589572536
2067.6258992805756,0.5499999999999999,0.5769629170907008,0.5836519940389082
1886.3309352517986,0.12,0.15098067692639858,0.15705012549465613
617.2661870503597,0.05,0.5752169532843961,0.5759471533570446
2112.94964028777,0.09,0.09044224624855092,0.09535652147917727
1825.8992805755395,0.02,0.026840153225040398,0.026183500141699297
1070.5035971223022,0.05,0.19325007733993196,0.18598282323311804
1931.6546762589928,0.03,0.036010824148973886,0.03352815599928642
2112.94964028777,0.15,0.15073707708091819,0.15305190802893343
1463.3093525179856,0.8499999999999999,1.7686349406028246,1.737315705883535
753.2374100719425,0.21,1.6285318726733198,1.6030437785797707
1312.2302158273383,0.44999999999999996,1.1619556558701223,1.1804756409862864
1765.4676258992806,0.7999999999999999,1.1476324995714684,1.1320606251068766
587.0503597122301,0.3,3.812108212870644,3.8364871793977033
1856.1151079136691,0.035,0.04546755323395953,0.042757505458717975
300.0,0.12,5.765315076434795,5.594156258195354
2203.5971223021584,0.22,0.2034277541661858,0.19806747485074136
1010.0719424460432,0.06,0.2601930022185608,0.25744365851146794
1025.179856115108,0.7,2.947601381122549,2.882822170599431
1674.820143884892,0.08,0.1273952843102252,0.1332328708725555
677.6978417266187,0.95,9.082903515347878,9.394627258067457
2264.028776978417,0.44999999999999996,0.39438702217494626,0.3997078142688872
1795.68345323741,0.7999999999999999,1.109691058440963,1.0956355467462542
1810.7913669064749,0.75,1.0232102078668026,1.0079361526870918
2233.812949640288,0.06,0.05400343000950444,0.05389208309890575
1433.0935251798562,0.12,0.2602270780957829,0.26602550123183855
1025.179856115108,0.44999999999999996,1.89488660215021,1.9097286438802656
783.453237410072,0.08,0.5738883300217902,0.5944400669437017
738.1294964028777,0.16,1.2916037144346957,1.294169300392876
1508.63309352518,0.13,0.2546349665103433,0.2593521830574173
602.158273381295,0.1,1.208319917381667,1.2962532553435195
2400.0,0.15,0.11711741722993535,0.11861085066724045
2052.517985611511,0.11,0.11708134002816366,0.12293853701688147
2294.244604316547,0.015,0.01280544367018072,0.01309916731622913
1206.474820143885,0.06999999999999999,0.21348576830683372,0.21617249395633845
1100.7194244604316,0.13,0.4754934050652779,0.47592274969792664
1901.4388489208634,0.24,0.2972267487391053,0.2935773232990089
1040.2877697841727,0.045000000000000005,0.18407569448878208,0.17417400568656224
2218.705035971223,0.14,0.12771352665578534,0.13082381866973622
1735.2517985611512,0.6,0.8906701827922187,0.8873015289443508
828.7769784172662,0.11,0.7058989207786478,0.724197665063136
1448.2014388489208,0.23,0.4885131656756742,0.483566287743771
496.40287769784175,0.11,1.948687011948581,2.1108079727703983
1221.5827338129498,0.035,0.10414341960832887,0.09624233012849583
1644.6043165467627,0.75,1.2381939881265422,1.213333259757047
647.4820143884892,0.35,3.662786020544548,3.712594548500369
1161.1510791366907,0.015,0.049352245099373616,0.050922218414332046
571.9424460431655,0.15,2.0070919984111284,2.080786084179171
300.0,0.05,2.4022146151811645,2.179175876698372
1584.1726618705036,0.8999999999999999,1.6002228462197083,1.5903511279377185
1810.7913669064749,0.18,0.24557044988803262,0.24457492531725367
1055.3956834532373,0.22,0.8745835840481203,0.8535705926415228
1176.2589928057555,0.35,1.1224353994475593,1.1375714553461074
541.726618705036,0.75,11.174705207559333,11.72166302730392
1040.2877697841727,0.06999999999999999,0.28633996920477206,0.2886909793826886
481.294964028777,0.18,3.3901129050055636,3.4594117603097705
1433.0935251798562,0.8499999999999999,1.843275136511795,1.809108591696273
1931.6546762589928,0.15,0.18005412074486943,0.18274800185761814
2112.94964028777,0.16999999999999998,0.1708353540250406,0.17069406043968252
435.9712230215828,0.35,8.018716653926491,8.00375027541115
783.453237410072,0.025,0.17934010313180945,0.1658048018624952
300.0,0.5,24.022146151811643,21.668367727105565
647.4820143884892,0.16999999999999998,1.7790674956930659,1.797025639767951
315.10791366906477,0.01,0.43588204397673164,0.5103938309535634
889.2086330935252,0.19,1.0605939553839807,1.0364011618396471
571.9424460431655,0.13,1.7394797319563113,1.8353635145392666
1705.0359712230215,0.24,0.3688846913982025,0.36633755539364393
1146.0431654676258,0.6499999999999999,2.1948104650577434,2.1421662875114404
1130.9352517985612,0.7,2.42660589736807,2.362012967712525
1115.8273381294964,0.35,1.2460640050854832,1.2597112656509806
1871.2230215827337,0.08,0.1022701220733004,0.10737925746856819
1176.2589928057555,0.21,0.6734612396685355,0.658689928207967
1553.9568345323742,0.015,0.027707559321876987,0.029308735149478075
1342.4460431654677,0.24,0.5923815611873706,0.5861364969812998
315.10791366906477,0.16,6.974112703627706,6.627745373334918
934.5323741007194,0.06999999999999999,0.3540954040478202,0.35783084627626954
753.2374100719425,0.025,0.193872841984919,0.17986317598235974
2324.4604316546765,0.8499999999999999,0.7070739174290446,0.7068354667311919
1629.4964028776978,0.39999999999999997,0.6725548468141701,0.6927164878726785
1856.1151079136691,0.21,0.27280531940375713,0.26959219970876436
375.53956834532374,0.045000000000000005,1.3855711096667933,1.3376228427514791
813.6690647482014,0.7999999999999999,5.324374066627885,5.354239142891097
677.6978417266187,0.015,0.14341426603180857,0.15058227250556927
2248.9208633093526,0.6499999999999999,0.5772767147153732,0.5757566579315149
1387.769784172662,0.18,0.41600080209972995,0.41068215641598943
647.4820143884892,0.06999999999999999,0.7325572041089097,0.7684891667827844
1206.474820143885,0.39999999999999997,1.2199186760390495,1.2411252993464703
2158.273381294964,0.035,0.033723796945647526,0.03102324007117057
1327.3381294964029,0.12,0.3029069064041178,0.3079541363934609
1584.1726618705036,0.95,1.689124115454137,1.6943648152123127
541.726618705036,0.05,0.744980347170622,0.7543208503293181
707.9136690647482,0.03,0.26308252672186694,0.24431860459073698
964.7482014388489,0.6,2.849675690862228,2.815149975734388
2369.7841726618703,0.08,0.06405029175674051,0.06629565264397282
1946.7625899280577,0.39999999999999997,0.47279049965259184,0.4848099396135169
1146.0431654676258,0.13,0.43896209301154876,0.4398030411028434
934.5323741007194,0.5,2.5292528860558585,2.53498298306295
2294.244604316547,0.06,0.051221774680722865,0.050831927705550214
949.6402877697842,0.01,0.04900318677345221,0.0605566659929075
1886.3309352517986,0.8999999999999999,1.1323550769479893,1.1369308715755049
2264.028776978417,0.8999999999999999,0.7887740443498925,0.7953037233428516
2218.705035971223,0.11,0.10034634237240275,0.1053347102988841
1674.820143884892,0.6,0.9554646323266888,0.950058298153756
783.453237410072,0.1,0.7173604125272378,0.7441358471764227
2037.4100719424462,0.19,0.20521306381589846,0.2030011254393605
2309.3525179856115,0.8999999999999999,0.7584007063598349,0.7644579717992133
1569.0647482014388,0.19,0.3442993485351086,0.3410854352422944
1856.1151079136691,0.02,0.02598145899083402,0.025326455451263948
1266.906474820144,0.22,0.609034871584227,0.5983945869023907
451.0791366906475,0.5,10.707710437056525,10.976812016007248
1644.6043165467627,0.3,0.49527759525061693,0.5012267621935065
2400.0,0.19,0.14834872849125144,0.145097869386448
1810.7913669064749,0.8499999999999999,1.159638235582376,1.1521666437374216
723.0215827338129,0.39999999999999997,3.3640477021851813,3.4185764343436666
390.6474820143885,0.5,14.238079089438408,14.224663830344559
390.6474820143885,0.7999999999999999,22.78092654310145,23.16620235456853
1161.1510791366907,0.035,0.11515523856520515,0.10608733465211213
1584.1726618705036,0.035,0.06223088846409979,0.05854764329282112
1961.8705035971223,0.6499999999999999,0.7566078953864843,0.7522252544626837
2052.517985611511,0.75,0.7982818638283885,0.790757131008181
1191.36690647482,0.18,0.5628406028983745,0.5514916802194021
511.51079136690646,0.7999999999999999,13.355017457690785,14.04246950987785
1161.1510791366907,0.2,0.658029934658315,0.6429450025493936
1946.7625899280577,0.13,0.15365691238709236,0.15866034467954995
1614.388489208633,0.75,1.2845269760624611,1.2574951154470468
375.53956834532374,0.16999999999999998,5.234379747630106,5.219930481331895
1478.4172661870505,0.015,0.03058250738147487,0.03222239675146434
828.7769784172662,0.23,1.4759704707189907,1.4458729475289742
1705.0359712230215,0.16999999999999998,0.26129332307372666,0.26113430044956004
375.53956834532374,0.7,21.55332837259456,21.699088217302016
1251.7985611510792,0.39999999999999997,1.133969084833688,1.1557681716260257
1946.7625899280577,0.06999999999999999,0.0827383374392036,0.0857902982643817
1810.7913669064749,0.39999999999999997,0.5457121108622947,0.5616491259504378
1841.0071942446043,0.39999999999999997,0.5281110894454162,0.5432179560142434
1402.8776978417266,0.02,0.045241371917739956,0.043652434425826836
2294.244604316547,0.35,0.2987936856375501,0.29556153677090674
1780.5755395683454,0.18,0.25389491854515955,0.25284744682261706
1931.6546762589928,0.7,0.8402525634760573,0.8310899950800715
2339.568345323741,0.23,0.18888598985134672,0.18205257153181478
828.7769784172662,0.3,1.9251788748508576,1.9155945426579208
2309.3525179856115,0.05,0.0421333725755464,0.040198312688971206
707.9136690647482,0.21,1.8415776870530687,1.8212037065786562
1417.9856115107914,0.16999999999999998,0.376477121344044,0.37316451782407706
904.31654676259,0.25,1.34970926514187,1.3240912242105738
1161.1510791366907,0.5499999999999999,1.809582320310366,1.793377107839915
405.75539568345323,0.22,5.811081775265848,5.718514210876925
1810.7913669064749,0.16999999999999998,0.2319276471164752,0.23206574442216724
692.8057553956835,0.95,8.69470610921958,8.975412405059142
1508.63309352518,0.7,1.3711113581326178,1.3388278738143056
1584.1726618705036,0.09,0.16002228462197082,0.16725427269038698
1689.928057553957,0.15,0.23465415768500394,0.23717285975540536
662.589928057554,0.5499999999999999,5.4987158171229344,5.631135066507367
1810.7913669064749,0.045000000000000005,0.061392612472008154,0.05958204895728194
874.1007194244604,0.01,0.05774830942976641,0.07153998765790189
496.40287769784175,0.1,1.7715336472259828,1.9300046938463111
1901.4388489208634,0.23,0.284842300874976,0.28106129039815403
1508.63309352518,0.01,0.01958730511618025,0.02495471581823137
2279.1366906474823,1.0,0.8649436865904336,0.8925658828892734
375.53956834532374,0.24,7.389712584889562,7.1073399323415645
2294.244604316547,0.6,0.5122177468072288,0.5137942272726478
2369.7841726618703,0.15,0.12009429704388848,0.12167404709952821
1599.2805755395684,0.7,1.2214328880558,1.1960834670981255
1463.3093525179856,0.23,0.47857180745723504,0.4738769826763157
934.5323741007194,0.6,3.0351034632670304,3.004461253905508
2158.273381294964,0.2,0.1927074111179858,0.1891518531395888
2143.1654676258995,0.04,0.039081592897314776,0.03655898938287441
1493.525179856115,0.15,0.2997267445571569,0.3008789868132607
1795.68345323741,0.35,0.48548983806792134,0.4965250223416556
707.9136690647482,0.5,4.3847087786977825,4.468797754265547
1644.6043165467627,0.22,0.3632035698504524,0.35975653264557045
2112.94964028777,0.44999999999999996,0.4522112312427546,0.46177946737580394
874.1007194244604,0.2,1.1549661885953282,1.1280289337441305
2279.1366906474823,0.5499999999999999,0.47571902762473833,0.4801752316454787
1402.8776978417266,0.95,2.148965166092648,2.140410194603989
1115.8273381294964,0.75,2.670137153754607,2.6005637768434737
1402.8776978417266,0.5,1.131034297943499,1.1406434957698361
496.40287769784175,0.23,4.07452738861976,4.0829863832239965
2188.4892086330938,0.11,0.1031096502846184,0.10825971497420592
405.75539568345323,0.045000000000000005,1.18863036312256,1.16604226056508
1976.978417266187,0.6,0.6878734526000987,0.6892275749558779
919.4244604316547,0.025,0.13061259956521717,0.11964177633852173
1146.0431654676258,0.7999999999999999,2.7013051877633765,2.6352329830215027
632.3741007194244,0.23,2.5222307416649072,2.511545860929558
2384.8920863309354,0.09,0.0711550817269237,0.07438660698096299
345.32374100719426,0.14,5.089959882741278,5.109588571712478
1765.4676258992806,0.6499999999999999,0.9324514059018181,0.9222732045386927
979.8561151079136,0.09,0.41449336282873733,0.42368198172175814
390.6474820143885,0.23,6.549516381141667,6.37610639488366
451.0791366906475,0.1,2.141542087411305,2.331489208531679
2173.3812949640287,0.13,0.12354070903562349,0.12774592882348682
647.4820143884892,0.12,1.255812349900988,1.3176978446040901
1433.0935251798562,0.6499999999999999,1.4095633396854903,1.3795179573614362
1010.0719424460432,0.6,2.601930022185608,2.5641805833910922
1100.7194244604316,0.15,0.5486462366137822,0.5422772755053039
1327.3381294964029,0.8999999999999999,2.2718017980308836,2.240001274436236
1614.388489208633,0.21,0.3596675532974891,0.3560170176341782
1916.546762589928,0.5,0.60958953002012,0.6218831309080741
1553.9568345323742,0.44999999999999996,0.8312267796563096,0.8511626802183541
723.0215827338129,0.8499999999999999,7.1486013671435105,7.324915429589626
2294.244604316547,0.3,0.2561088734036144,0.24927349950429273
1901.4388489208634,0.8999999999999999,1.1146003077716449,1.119539699314949
571.9424460431655,0.16,2.140898131638537,2.2021602573778147
1674.820143884892,0.7999999999999999,1.2739528431022515,1.2530217329836202
2354.6762589928057,0.12,0.09730049597214277,0.1013367928740574
2248.9208633093526,0.6,0.5328708135834215,0.5346990430081485
632.3741007194244,0.06,0.6579732369560627,0.6777793963052176
949.6402877697842,0.015,0.07350478016017833,0.07539322456273918
1644.6043165467627,0.15,0.24763879762530847,0.2499680585970939
707.9136690647482,0.44999999999999996,3.946237900828004,4.023509420391189
783.453237410072,0.14,1.004304577538133,1.0135802982736186
2158.273381294964,0.06,0.05781222333539575,0.058034461069790516
783.453237410072,0.09,0.645624371274514,0.670989755738834
1644.6043165467627,0.13,0.2146202912752673,0.21987522990022107
1795.68345323741,0.8499999999999999,1.179046749593523,1.1709211509171764
2082.73381294964,0.22,0.22748043062727927,0.22283269151989737
979.8561151079136,0.21,0.9671511799337205,0.9422464345069552
753.2374100719425,0.015,0.1163237051909514,0.12087789088689538
904.31654676259,0.035,0.18895929711986179,0.17363070272661774
405.75539568345323,0.8999999999999999,23.7726072624512,24.12611171410786
1584.1726618705036,0.16,0.28448406155017036,0.2849056593644165
2248.9208633093526,0.18,0.15986124407502644,0.1581797335575053
2279.1366906474823,0.15,0.12974155298856507,0.13158510544095037
420.863309352518,0.3,7.3705875206294715,7.259089580682032
798.5611510791367,0.02,0.13814462170350164,0.13160750928169912
1251.7985611510792,0.13,0.3685399525709487,0.3706895827825265
1599.2805755395684,0.75,1.3086780943455,1.2805105866396762
435.9712230215828,0.23,5.269442372580266,5.228836813102876
1146.0431654676258,0.16999999999999998,0.5740273523997175,0.5630879297933603
2052.517985611511,0.21,0.22351892187194883,0.2196030166455753
1553.9568345323742,0.045000000000000005,0.08312267796563098,0.08047062100350337
949.6402877697842,0.035,0.17151115370708275,0.1573696708516968
889.2086330935252,0.39999999999999997,2.2328293797557484,2.2555050374156487
2158.273381294964,0.15,0.14453055833848938,0.146722275063274
1025.179856115108,0.09,0.378977320430042,0.3870453628376892
330.2158273381295,0.6499999999999999,25.821982615735767,24.787597915426957
330.2158273381295,0.11,4.369873981124513,4.450355923711054
1871.2230215827337,0.1,0.12783765259162547,0.13460233905562277
1387.769784172662,0.75,1.7333366754155415,1.686177915916551
1176.2589928057555,0.5499999999999999,1.7638270562747356,1.7482582152445487
1146.0431654676258,0.045000000000000005,0.15194841681168997,0.14419312127160389
1569.0647482014388,0.8999999999999999,1.6308916509557774,1.6199185707459576
466.1870503597122,0.02,0.4012472700356397,0.3950173090854738
723.0215827338129,0.09,0.7569107329916658,0.7944094473460137
1115.8273381294964,0.015,0.05340274307509213,0.05496881091115713
1130.9352517985612,0.08,0.27732638827063655,0.28275139641631336
1206.474820143885,0.01,0.030497966900976246,0.0380340790177049
2233.812949640288,0.18,0.1620102900285134,0.16036850146682707
345.32374100719426,0.025,0.9089214076323711,0.8181879785257401
753.2374100719425,0.7,5.428439575577732,5.486043731873373
2082.73381294964,0.7,0.7238013701777068,0.7179812164167592
707.9136690647482,0.035,0.30692961450884476,0.28754705071585723
1916.546762589928,0.21,0.2560276026084504,0.2526528225917004
1992.086330935252,0.11,0.12422242888105237,0.1303752963811259
1765.4676258992806,0.5499999999999999,0.7889973434553844,0.7950297858285719
934.5323741007194,0.19,0.9611160967012262,0.937697323373199
1085.611510791367,0.8499999999999999,3.1952953829968798,3.138425299450139
1841.0071942446043,0.19,0.2508527674865727,0.2489266404453088
1538.8489208633093,0.06999999999999999,0.13182895023891184,0.13577735024059628
1357.5539568345323,0.16999999999999998,0.4104030210579217,0.40580630364143067
2052.517985611511,0.3,0.3193127455313554,0.3173904532354328
571.9424460431655,0.12,1.6056735987289028,1.7092182728602165
1901.4388489208634,0.7,0.8669113504890572,0.8568225365757685
2218.705035971223,0.02,0.01824478952225505,0.017269986468809565
1553.9568345323742,0.035,0.06465097175104632,0.06076909045947227
1342.4460431654677,0.045000000000000005,0.111071542722632,0.10647340253699852
1010.0719424460432,0.35,1.5177925129416046,1.5287510558321815
2097.8417266187053,0.24,0.2446324279282545,0.23925138252417516
1297.1223021582734,0.18,0.4755680939920598,0.46783444641294797
1614.388489208633,0.5,0.856351317374974,0.8694731475635509
1689.928057553957,0.5,0.78218052561668,0.7956691181837323
420.863309352518,0.02,0.49137250137529814,0.47878912051272543
1735.2517985611512,0.39999999999999997,0.593780121861479,0.6116551535020937
1825.8992805755395,0.035,0.046970268143820694,0.0442102973238924
889.2086330935252,0.24,1.3396976278534491,1.3117308814761017
1221.5827338129498,0.16999999999999998,0.5058394666690258,0.49744563653901647
345.32374100719426,0.09,3.2721170674765365,3.4064215019459767
420.863309352518,0.25,6.1421562671912255,6.044597252852675
843.884892086331,0.22,1.3621650343260783,1.3322030430233842
934.5323741007194,0.21,1.0622862121434606,1.0353599534992526
2233.812949640288,0.21,0.18901200503326554,0.1842544227729252
2188.4892086330938,0.1,0.09373604571328945,0.0987838266949608
330.2158273381295,0.5,19.863063550565975,18.757952316042665
1523.7410071942447,0.11,0.21124873318781823,0.2184785435996258
496.40287769784175,0.7999999999999999,14.172269177807857,14.893493865526564
1100.7194244604316,0.035,0.1280174552098825,0.11764048909433009
692.8057553956835,0.7,6.4066255541617965,6.546449888864032
435.9712230215828,0.19,4.353017612131524,4.3877148388243
1100.7194244604316,0.16,0.5852226523880343,0.5756025209492657
1810.7913669064749,0.02,0.027285605543114735,0.026625825134068932
813.6690647482014,0.1,0.6655467583284856,0.6875706937724961
2264.028776978417,0.09,0.07887740443498927,0.08286416987940855
1961.8705035971223,0.44999999999999996,0.5238054660367969,0.5373213096588321
1493.525179856115,0.7999999999999999,1.59854263763817,1.563182351881956
481.294964028777,0.24,4.520150540007418,4.517764739090756
843.884892086331,0.24,1.4859982192648127,1.4568703294502139
692.8057553956835,0.16,1.4643715552369818,1.4772793709905088
1251.7985611510792,0.19,0.5386353152960018,0.5281736752608557
1689.928057553957,0.045000000000000005,0.07039624730550119,0.06835107746453596
375.53956834532374,0.25,7.697617275926627,7.390204067211534
2173.3812949640287,0.11,0.10453444610706601,0.1097649386948677
707.9136690647482,0.01,0.08769417557395566,0.11048056259237274
1720.1438848920864,0.6499999999999999,0.9817540408529898,0.9696544455748294
2264.028776978417,0.95,0.8325948245915533,0.8485085915320048
451.0791366906475,0.045000000000000005,0.9636939393350875,0.9572869698512938
632.3741007194244,0.5499999999999999,6.031421338763907,6.2014314096203424
2143.1654676258995,0.5,0.48851991121643457,0.4971765519395756
2279.1366906474823,0.5,0.4324718432952168,0.43826885388348097
1644.6043165467627,0.01,0.01650925317502057,0.02117459807477181
2158.273381294964,0.12,0.11562444667079148,0.12058600753384734
2037.4100719424462,0.18,0.19441237624664068,0.19325766369705186
1115.8273381294964,0.1,0.3560182871672809,0.3630967425058565
2082.73381294964,0.75,0.775501468047543,0.768533949070244
2294.244604316547,0.12,0.10244354936144574,0.10676652584588618
1312.2302158273383,0.5,1.2910618398556915,1.2980888183722041
1886.3309352517986,0.02,0.02516344615439977,0.02450433693344062
1312.2302158273383,0.15,0.38731855195670745,0.3856758844828736
2052.517985611511,0.13,0.13836885639692068,0.14303005131606703
1644.6043165467627,0.5,0.8254626587510282,0.8387837639725197
1130.9352517985612,0.24,0.8319791648119097,0.8170979490902821
1463.3093525179856,0.19,0.395341927899455,0.39060269280415044
435.9712230215828,0.15,3.4365928516827817,3.574123487142981
556.8345323741007,0.03,0.42328207410195173,0.4017994503465974
1402.8776978417266,0.04,0.09048274383547993,0.08563651971950893
571.9424460431655,0.02,0.2676122664548171,0.26283038619385773
1025.179856115108,0.02,0.08421718231778713,0.07959876558890172
2128.0575539568345,0.22,0.21798245827646867,0.21306554727715976
511.51079136690646,0.75,12.520328866585114,13.148723775443074
647.4820143884892,0.23,2.40697367064356,2.39314562306912
1659.7122302158273,0.7,1.1349005058583783,1.1135573679041109
813.6690647482014,0.8499999999999999,5.657147445792128,5.709178491324742
1508.63309352518,0.39999999999999997,0.78349220464721,0.8054439137955158
2128.0575539568345,0.75,0.7431220168515977,0.7368527013891407
2369.7841726618703,0.02,0.01601257293918513,0.01479745080007055
1417.9856115107914,0.35,0.775099955708326,0.7926449250597981
2188.4892086330938,0.8999999999999999,0.8436244114196049,0.8507035910941504
496.40287769784175,0.14,2.480147106116376,2.6148322799770165
1629.4964028776978,0.22,0.3699051657477936,0.3663884017133441
1629.4964028776978,0.16999999999999998,0.28583580989602225,0.2852370529315768
2309.3525179856115,0.11,0.09269341966620206,0.0971927214777356
2128.0575539568345,0.2,0.19816587116042608,0.1947229669312548
1372.6618705035971,0.7999999999999999,1.8894243869841632,1.842252875723381
2128.0575539568345,0.44999999999999996,0.4458732101109586,0.45502526786905106
1387.769784172662,0.05,0.11555577836103612,0.11284093215888767
2279.1366906474823,0.05,0.043247184329521696,0.04141439016218477
1871.2230215827337,0.09,0.11505388733246293,0.12131215385327147
526.6187050359713,0.8999999999999999,14.182505016009605,14.870208086022087
1795.68345323741,0.22,0.30516504107126485,0.3018390105354106
1448.2014388489208,0.1,0.212397028554641,0.21997574139893233
1433.0935251798562,0.23,0.4987685663502505,0.49354751421341064
1780.5755395683454,0.39999999999999997,0.5642109301003544,0.5809485841030583
1010.0719424460432,0.03,0.1300965011092804,0.11838913065889799
360.431654676259,0.44999999999999996,15.029943020163655,14.562466107599741
1236.6906474820144,0.22,0.6388677721675705,0.6270199757093969
1221.5827338129498,0.01,0.02975526274523681,0.03714623089994006
435.9712230215828,0.3,6.873185703365564,6.80902763964745
1659.7122302158273,0.04,0.06485145747762161,0.06193557594736648
1297.1223021582734,0.2,0.5284089933245109,0.5188059264780782
2279.1366906474823,0.44999999999999996,0.3892246589656951,0.39411521671545463
1206.474820143885,1.0,3.049796690097624,3.048028256923968
919.4244604316547,0.6,3.1347023895652124,3.1066448055326403
2143.1654676258995,1.0,0.9770398224328691,1.008106492416681
330.2158273381295,0.19,7.547964149215068,7.121554638189262
1402.8776978417266,0.22,0.4976550910951396,0.49115523422303287
1161.1510791366907,0.8499999999999999,2.7966272222978388,2.739861540951154
1523.7410071942447,0.95,1.8244208775311577,1.8254909312512428
1946.7625899280577,0.24,0.2836742997915552,0.2796505482002732
662.589928057554,0.6499999999999999,6.498482329327104,6.6636384727738935
1387.769784172662,0.14,0.3235561794109011,0.3253133637163067
934.5323741007194,0.16,0.8093609235378747,0.7969483694385108
738.1294964028777,0.5499999999999999,4.439887768369265,4.501161013660018
1659.7122302158273,0.05,0.08106432184702701,0.07997803362449946
768.3453237410072,0.95,7.082954234269097,7.2366201873435365
904.31654676259,0.01,0.05398837060567481,0.06679103982024084
904.31654676259,0.3,1.6196511181702442,1.610505365774391
1206.474820143885,0.015,0.04574695035146436,0.04733340824626793
1523.7410071942447,0.13,0.24965759376742153,0.25446208369573464
2400.0,0.5499999999999999,0.4294305298430962,0.43205677584194063
677.6978417266187,0.25,2.3902377671968096,2.3724631975237798
2354.6762589928057,0.39999999999999997,0.32433498657380916,0.32373814550229424
1176.2589928057555,0.5,1.6034791420679417,1.6061911371678326
949.6402877697842,0.95,4.655302743477961,4.661339526095974
1553.9568345323742,0.06,0.11083023728750797,0.11210586583690171
435.9712230215828,0.8999999999999999,20.61955711009669,21.24618602431167
798.5611510791367,0.6499999999999999,4.489700205363804,4.500460762725067
2067.6258992805756,0.15,0.15735352284291843,0.15978353662786757
1433.0935251798562,0.18,0.3903406171436743,0.3859883424646405
1569.0647482014388,1.0,1.8121018343953084,1.834911747088719
843.884892086331,0.02,0.1238331849387344,0.11752629466736715
1644.6043165467627,0.39999999999999997,0.6603701270008224,0.6802413321290086
1931.6546762589928,0.3,0.3601082414897388,0.360794413299752
1584.1726618705036,1.0,1.7780253846885652,1.8017115166039286
1931.6546762589928,0.6,0.7202164829794776,0.7210548864560506
2067.6258992805756,0.11,0.11539258341814017,0.12117361209401996
330.2158273381295,0.16,6.35618033618111,6.153594808106366
934.5323741007194,0.25,1.2646264430279293,1.2404031871095547
1659.7122302158273,0.03,0.04863859310821621,0.045526826859992056
300.0,0.3,14.413287691086987,12.624045095887556
2369.7841726618703,0.05,0.04003143234796282,0.0378850081892867
1463.3093525179856,0.21,0.43695686767834496,0.43145954761742034
1236.6906474820144,0.03,0.08711833256830508,0.07999272192588158
1236.6906474820144,0.95,2.758747197996327,2.737483839186627
1010.0719424460432,0.39999999999999997,1.734620014790405,1.7535023238648253
556.8345323741007,0.025,0.35273506175162644,0.33635345433766617
2324.4604316546765,0.7999999999999999,0.6654813340508655,0.6617670829380868
496.40287769784175,0.09,1.5943802825033844,1.7400557044339424
360.431654676259,0.16999999999999998,5.677978474284048,5.602663330466268
2112.94964028777,0.2,0.20098276944122428,0.19759575614504737
1236.6906474820144,0.39999999999999997,1.1615777675774006,1.1831937507455126
1523.7410071942447,0.06,0.11522658173880995,0.11641042564155256
2309.3525179856115,0.5499999999999999,0.4634670983310102,0.46749345146196336
1599.2805755395684,0.18,0.31408274264292,0.3120728143914317
1886.3309352517986,0.2,0.25163446154399766,0.24891072016347074
1689.928057553957,0.02,0.031287221024667196,0.03053883268247021
1070.5035971223022,0.8499999999999999,3.285251314778843,3.229150607783142
1735.2517985611512,0.22,0.3265790670238135,0.3233141399410991
1523.7410071942447,0.22,0.4224974663756365,0.41809296177167327
2309.3525179856115,0.95,0.8005340789353814,0.8155702284523973
1810.7913669064749,0.035,0.047749809700450785,0.044960408814457974
843.884892086331,0.6499999999999999,4.024578510508867,4.009037913308036
964.7482014388489,0.22,1.0448810866494835,1.0189052705019113
2354.6762589928057,1.0,0.810837466434523,0.8361476118770397
2339.568345323741,0.19,0.15603625248589514,0.15294264967912002
1780.5755395683454,0.045000000000000005,0.06347372963628989,0.06162677349076884
360.431654676259,0.025,0.8349968344535365,0.7622144708248547
1025.179856115108,0.045000000000000005,0.18948866021502106,0.1792717295364007
2309.3525179856115,0.12,0.10112009418131133,0.10537139266330554
1508.63309352518,1.0,1.9587305116180254,1.9776894148962127
1402.8776978417266,0.11,0.24882754554756983,0.2557110687705238
1402.8776978417266,0.12,0.2714482315064398,0.27705833469914054
2097.8417266187053,0.02,0.020386035660687876,0.01957094552773221
2203.5971223021584,0.06,0.05548029659077794,0.055504588252001906
2264.028776978417,0.12,0.10516987257998567,0.10963603887210649
330.2158273381295,0.02,0.7945225420226388,0.7250787134969296
1689.928057553957,0.2,0.312872210246672,0.3099581201092067
949.6402877697842,0.3,1.4700956032035664,1.462393021016392
511.51079136690646,0.05,0.8346885911056744,0.8472496893636113
315.10791366906477,0.22,9.589404967488095,8.72276213452854
602.158273381295,0.06,0.7249919504290002,0.7509469200680733
1735.2517985611512,0.35,0.5195576066287942,0.5321512356765271
1901.4388489208634,0.035,0.043345567524452844,0.04068974374530369
1599.2805755395684,0.39999999999999997,0.6979616503175999,0.7186630264090829
1931.6546762589928,0.8499999999999999,1.0203066842209265,1.0169332650821217
1916.546762589928,0.7,0.853425342028168,0.8438114700007034
587.0503597122301,0.8999999999999999,11.43632463861193,11.966553919498283
1433.0935251798562,0.7999999999999999,1.734847187305219,1.693719560099244
390.6474820143885,0.3,8.542847453663045,8.279974737421897
2037.4100719424462,0.14,0.15120962596960935,0.15489207924761553
451.0791366906475,0.035,0.7495397305939568,0.7180559081578851
692.8057553956835,0.06,0.5491393332138682,0.5594237034469777
662.589928057554,0.015,0.1499649768306255,0.15781891480288662
2294.244604316547,0.16999999999999998,0.14512836159538145,0.1445437325764599
1644.6043165467627,0.14,0.23112954445028785,0.2349640623681683
2324.4604316546765,0.1,0.0831851667563582,0.08742723274411407
2128.0575539568345,0.12,0.11889952269625564,0.1239994281150631
420.863309352518,0.12,2.948235008251789,3.147975116261
1176.2589928057555,0.22,0.7055308225098944,0.6909574590005713
2400.0,0.06,0.04684696689197414,0.04595301125960069
1357.5539568345323,0.7999999999999999,1.9313083343902198,1.8826094541143925
2233.812949640288,0.11,0.09900628835075816,0.1039134701051404
843.884892086331,0.13,0.8049157021017735,0.8127409074419767
798.5611510791367,0.22,1.5195908387385182,1.4900803264318554
1146.0431654676258,0.06,0.20259788908225326,0.2009063757068232
1176.2589928057555,0.15,0.4810437426203825,0.47638843274445836
1886.3309352517986,0.6499999999999999,0.8178120000179923,0.8116514327429548
1644.6043165467627,0.02,0.033018506350041124,0.03220320350934491
1025.179856115108,0.035,0.1473800690561275,0.13518886993305035
2369.7841726618703,0.01,0.00800628646959256,0.00984327177290622
345.32374100719426,0.16,5.817097008847175,5.719458572115901
647.4820143884892,0.18,1.8837185248514818,1.8930874353200142
602.158273381295,0.6,7.249919504290003,7.492828879004375
889.2086330935252,0.13,0.7256695484206184,0.7298727061000029
1372.6618705035971,0.7,1.6532463386111431,1.6088045778573798
1810.7913669064749,0.13,0.17735643603024578,0.1826516482854682
889.2086330935252,0.03,0.16746220348168114,0.15273649329771163
964.7482014388489,0.24,1.1398702763448911,1.1154515953808795
1569.0647482014388,0.03,0.05436305503185924,0.05078221903056501
556.8345323741007,0.01,0.14109402470065058,0.1816314806086689
1644.6043165467627,0.5499999999999999,0.9080089246261308,0.911892188871562
843.884892086331,0.5,3.0958296234683598,3.1169581600323073
677.6978417266187,0.025,0.23902377671968095,0.22408375791921215
723.0215827338129,0.025,0.2102529813865738,0.19582579907973946
1266.906474820144,0.7999999999999999,2.2146722603062794,2.1570947511265017
889.2086330935252,0.22,1.2280561588656618,1.1989370457826043
1825.8992805755395,0.75,1.0065057459390148,0.9919146523868833
1825.8992805755395,0.04,0.053680306450080775,0.05122520837704672
1614.388489208633,0.95,1.6270675030124508,1.6341842561737339
451.0791366906475,0.39999999999999997,8.56616834964522,8.666496566224614
1916.546762589928,0.03,0.03657537180120721,0.034080666956357
1372.6618705035971,0.015,0.03542670725595306,0.0370758531906337
1810.7913669064749,0.5499999999999999,0.7503541524356551,0.7568775108396978
1765.4676258992806,0.75,1.0759054683482518,1.0584009942373687
2294.244604316547,0.06999999999999999,0.05975873712751002,0.06101018531933127
1282.0143884892086,0.11,0.2974491829802925,0.3037396081175078
602.158273381295,0.13,1.570815892596167,1.6485744382655847
949.6402877697842,0.23,1.1270732957894007,1.100727458100209
375.53956834532374,0.39999999999999997,12.3161876414826,11.988587861465179
994.9640287769785,0.01,0.04467972774294023,0.055209459313575855
1055.3956834532373,0.23,0.9143373833230349,0.8939479990093859
1372.6618705035971,0.045000000000000005,0.10628012176785923,0.10204834860499269
692.8057553956835,0.01,0.09152322220231135,0.11555860514735558
315.10791366906477,0.1,4.3588204397673165,4.384334833637811
1448.2014388489208,0.05,0.10619851427732048,0.10402149318841585
390.6474820143885,0.25,7.119039544719205,6.903133990063857
1689.928057553957,0.12,0.1877233261480032,0.19417697331835795
1871.2230215827337,0.18,0.23010777466492588,0.2291511578080329
2279.1366906474823,0.2,0.17298873731808673,0.1689908921511815
1871.2230215827337,0.01,0.01278376525916255,0.016437278617023186
934.5323741007194,1.0,5.058505772111717,5.0922108986318975
1765.4676258992806,0.25,0.35863515611608393,0.3565211051261612
2279.1366906474823,0.23,0.19893704791579975,0.1924860703442371
662.589928057554,0.35,3.4991827927145955,3.5439833670972707
1433.0935251798562,0.25,0.542139746032881,0.5392526561154437
1931.6546762589928,0.2,0.2400721609931592,0.23726029701026372
677.6978417266187,0.3,2.8682853206361716,2.873041035104953
753.2374100719425,0.22,1.7060810094672874,1.6788308418027442
934.5323741007194,0.39999999999999997,2.0234023088446866,2.0436115536405115
964.7482014388489,0.04,0.1899783793908152,0.1768064156019776
1342.4460431654677,0.06,0.14809539029684265,0.14826637397059134
1946.7625899280577,0.01,0.011819762491314797,0.015166456973113434
496.40287769784175,0.8999999999999999,15.943802825033845,16.679178280378224
889.2086330935252,0.11,0.6140280794328309,0.6262904260214779
2264.028776978417,0.22,0.19281143306330706,0.187112113401294
1115.8273381294964,0.08,0.28481462973382476,0.2902733615436616
1357.5539568345323,0.15,0.36212031269816625,0.361327742764284
2203.5971223021584,0.045000000000000005,0.04161022244308346,0.03940011786770557
466.1870503597122,0.18,3.611225430320758,3.6810041220158785
1871.2230215827337,0.7999999999999999,1.0227012207330037,1.011882530478205
390.6474820143885,0.05,1.4238079089438407,1.4147273587418974
1886.3309352517986,0.35,0.4403603077019959,0.44887742890118043
1070.5035971223022,0.12,0.46380018561583675,0.46729251232457614
858.9928057553957,0.7,4.184447345019379,4.159504282305764
1493.525179856115,0.13,0.2597631786162027,0.2643857300100526
2354.6762589928057,0.11,0.08919212130779755,0.09344620488447282
330.2158273381295,0.15,5.95891906516979,5.828641421826882
1357.5539568345323,0.3,0.7242406253963325,0.730724035788182
2188.4892086330938,0.14,0.13123046399860522,0.13444237285030963
617.2661870503597,0.25,2.8760847664219806,2.8692702959520777
1342.4460431654677,0.7999999999999999,1.9746052039579016,1.924381869082374
1689.928057553957,0.5499999999999999,0.8603985781783478,0.8652381753428124
2128.0575539568345,0.08,0.07926634846417042,0.08298788200744904
1599.2805755395684,0.06,0.10469424754764,0.1060699969688315
1931.6546762589928,0.09,0.10803247244692166,0.1139819841155127
1689.928057553957,0.7,1.095052735863352,1.0755254857681484
647.4820143884892,0.09,0.9418592624257409,1.003084505025288
1040.2877697841727,0.18,0.7363027779551281,0.7189831060920214
707.9136690647482,0.045000000000000005,0.39462379008280046,0.38216717931870814
435.9712230215828,0.16999999999999998,3.894805231907152,3.980086736790468
753.2374100719425,0.95,7.367167995426923,7.54252959886978
813.6690647482014,1.0,6.655467583284856,6.772197711511783
1584.1726618705036,0.39999999999999997,0.711210153875426,0.7321597194599135
481.294964028777,0.6499999999999999,12.242074379186755,12.769601641689881
451.0791366906475,0.75,16.06156565558479,16.76460389509306
934.5323741007194,0.09,0.4552655194900545,0.46621958680233755
345.32374100719426,0.06999999999999999,2.544979941370639,2.598158377403196
1372.6618705035971,0.35,0.8266231693055716,0.8442011519999864
783.453237410072,0.15,1.0760406187908567,1.0784291267965882
934.5323741007194,0.75,3.7938793290837878,3.7422959179072133
1070.5035971223022,0.16,0.6184002474877823,0.6079598944493212
496.40287769784175,0.5,8.857668236129914,9.147808071824945
1463.3093525179856,0.045000000000000005,0.09363361450250253,0.09031716670493062
768.3453237410072,0.08,0.5964593039384504,0.6191954029898168
1599.2805755395684,1.0,1.744904125794,1.7694295186014328
466.1870503597122,0.1,2.006236350178199,2.1864408824568677
707.9136690647482,0.18,1.5784951603312016,1.5726354390088293
768.3453237410072,0.06999999999999999,0.521901890946144,0.5359605155189192
1841.0071942446043,0.13,0.17163610406976024,0.17688592333109152
1629.4964028776978,0.18,0.3026496810663766,0.3008949543789725
541.726618705036,0.14,2.085944972077742,2.1907003885469525
1780.5755395683454,0.75,1.0578954939381646,1.0411652666963669
647.4820143884892,0.1,1.0465102915841566,1.1124393234697292
2188.4892086330938,0.16999999999999998,0.15935127771259205,0.15902969164657907
1266.906474820144,0.39999999999999997,1.1073361301531397,1.1293018720038983
798.5611510791367,0.16,1.1051569736280131,1.099017676480964
707.9136690647482,0.08,0.7015534045916452,0.7357522868754737
1463.3093525179856,0.6499999999999999,1.3524855428139246,1.3247816112740667
1070.5035971223022,0.44999999999999996,1.7392506960593874,1.7539585486133484
1992.086330935252,0.44999999999999996,0.508182663604305,0.5209478811411823
1614.388489208633,0.7999999999999999,1.3701621077999584,1.3449616985103
2188.4892086330938,0.045000000000000005,0.042181220570980255,0.040006551310086284
1251.7985611510792,0.05,0.141746135604211,0.1374005756778889
1961.8705035971223,0.16999999999999998,0.1978820649472344,0.19801512931993784
2097.8417266187053,0.08,0.08154414264275148,0.08544308596125848
405.75539568345323,0.25,6.603502017347555,6.45575822227775
2143.1654676258995,0.24,0.23448955738388857,0.22869714888333648
1025.179856115108,0.04,0.16843436463557426,0.15672399306072135
738.1294964028777,0.7999999999999999,6.4580185721734775,6.579874548114032
1523.7410071942447,0.04,0.07681772115920664,0.07310604233128479
1040.2877697841727,0.8999999999999999,3.68151388977564,3.644328845487317
1025.179856115108,0.18,0.757954640860084,0.7400743470813029
2218.705035971223,0.1,0.09122394761127524,0.09609378526640562
2233.812949640288,0.6,0.5400343000950445,0.5419299140330598
2248.9208633093526,0.04,0.03552472090556144,0.03282135058500326
541.726618705036,0.16999999999999998,2.5329331803801143,2.5964804279181353
556.8345323741007,0.14,1.975316345809108,2.0702774371644295
390.6474820143885,0.19,5.410470053986594,5.361918033917539
1856.1151079136691,0.35,0.45467553233959523,0.464050658396263
390.6474820143885,1.0,28.47615817887682,27.85830530015733
1085.611510791367,0.11,0.4135088142701845,0.4194076390776936
1931.6546762589928,0.7999999999999999,0.9602886439726367,0.9515299462793076
1493.525179856115,0.95,1.8982693821953271,1.897066110737766
2203.5971223021584,0.6499999999999999,0.6010365464000942,0.5993907962995414
1130.9352517985612,0.13,0.4506553809397844,0.45134164535066496
1176.2589928057555,0.95,3.0466103699290894,3.0228155747704384
2082.73381294964,0.25,0.258500489349181,0.25326059892965663
1493.525179856115,0.7,1.398724807933399,1.3651833490597836
315.10791366906477,0.24,10.461169055441559,9.447536548846834
1448.2014388489208,0.7,1.4867791998824866,1.4493071916878721
541.726618705036,0.045000000000000005,0.6704823124535599,0.6663368363311796
1629.4964028776978,0.7,1.1769709819247978,1.1536873179790303
647.4820143884892,0.05,0.5232551457920783,0.5211586094405861
889.2086330935252,0.18,1.004773220890087,0.9840013533895167
768.3453237410072,0.5,3.7278706496153142,3.7761428017867398
1191.36690647482,0.045000000000000005,0.14071015072459364,0.13379777454153133
541.726618705036,0.5,7.449803471706221,7.704099817102703
889.2086330935252,0.06999999999999999,0.39074514145725603,0.39594934318478275
2369.7841726618703,0.5,0.4003143234796282,0.4040599028151385
1720.1438848920864,0.5,0.7551954160407615,0.768712114408931
2248.9208633093526,0.8499999999999999,0.7549003192431804,0.7548997096578309
1810.7913669064749,0.16,0.21828484434491785,0.21969327665834631
2007.1942446043165,0.045000000000000005,0.05006328758974632,0.048214480892741156
1901.4388489208634,0.16999999999999998,0.21053561369019955,0.21071581641557144
2203.5971223021584,0.14,0.12945402537848186,0.13261529523284257
662.589928057554,0.7999999999999999,7.99813209763336,8.26418290290779
1976.978417266187,0.7999999999999999,0.9171646034667981,0.9096702616302369
1992.086330935252,0.12,0.13551537696114802,0.14120114955812235
1357.5539568345323,0.13,0.31383760433841074,0.31727021537657485
2173.3812949640287,0.14,0.1330438404999022,0.13630598164304722
1810.7913669064749,1.0,1.3642802771557367,1.3964842228410015
632.3741007194244,0.06999999999999999,0.7676354431154065,0.807658940525561
723.0215827338129,0.18,1.5138214659833316,1.5051667223640357
2097.8417266187053,0.045000000000000005,0.04586858023654772,0.04388245457534674
1569.0647482014388,0.06999999999999999,0.1268471284076716,0.13081413326783278
1100.7194244604316,0.09,0.32918774196826933,0.3363251310964652
2158.273381294964,0.06999999999999999,0.06744759389129502,0.06945114239265848
405.75539568345323,0.6499999999999999,17.169105245103644,17.556386678558344
1085.611510791367,0.25,0.9397927597049648,0.9241744430556742
602.158273381295,0.39999999999999997,4.833279669526667,4.946525138041627
1523.7410071942447,0.18,0.34567974521642986,0.34281902656432384
315.10791366906477,0.025,1.0897051099418291,0.9456260624928063
1297.1223021582734,0.06,0.15852269799735327,0.15831633322008598
2128.0575539568345,0.06,0.05944976134812783,0.05979971476459897
451.0791366906475,0.025,0.5353855218528263,0.5098496582787619
1115.8273381294964,0.02,0.07120365743345616,0.06750265963867237
2279.1366906474823,0.035,0.030273029030665175,0.027412325133939444
1417.9856115107914,0.8499999999999999,1.88238560672022,1.8467700517918226
1916.546762589928,0.44999999999999996,0.5486305770181079,0.5632247712949482
1357.5539568345323,0.8999999999999999,2.1727218761889975,2.143627887231188
1553.9568345323742,0.16,0.2955472994333546,0.2956929115054794
2173.3812949640287,0.035,0.03326096012497555,0.030543978824896647
2339.568345323741,0.13,0.10676164643771771,0.11029774658800563
1357.5539568345323,0.5,1.2070677089938875,1.2154516597751217
858.9928057553957,0.03,0.17933345764368763,0.1638479310603642
1115.8273381294964,0.2,0.7120365743345618,0.6947901774977188
647.4820143884892,1.0,10.465102915841568,10.834610396392447
587.0503597122301,0.09,1.143632463861193,1.2327470043141415
1266.906474820144,0.03,0.0830502097614855,0.07639384257173243
2097.8417266187053,0.06999999999999999,0.07135112481240757,0.07367380521996969
2400.0,0.025,0.01951956953832256,0.017300757290678703
1282.0143884892086,0.35,0.9464292185736579,0.9634036853626108
2264.028776978417,0.5,0.438207802416607,0.44433804453180153
1795.68345323741,0.6499999999999999,0.9016239849832823,0.8925964935297087
798.5611510791367,0.6,4.144338651105049,4.159587509580256
677.6978417266187,0.09,0.8604855961908514,0.9108810758378442
1538.8489208633093,0.13,0.24482519330083624,0.24970968831763418
556.8345323741007,0.25,3.527350617516264,3.5318286687435525
2294.244604316547,0.13,0.11098051180823289,0.11470043652213582
360.431654676259,0.045000000000000005,1.5029943020163659,1.4350466623505207
1055.3956834532373,0.3,1.1926139782474368,1.189577689575412
1735.2517985611512,0.24,0.35626807311688746,0.35363108090964623
919.4244604316547,0.25,1.3061259956521718,1.2811747685564752
828.7769784172662,0.75,4.812947187127143,4.813655294981168
541.726618705036,0.35,5.214862430194354,5.297999997990963
1961.8705035971223,0.06999999999999999,0.08148085027239063,0.08446556858105783
1976.978417266187,0.14,0.1605038056066897,0.16434242614075134
692.8057553956835,0.21,1.9219876662485387,1.903950425010334
1055.3956834532373,0.8499999999999999,3.379072938367737,3.324080045283496
1659.7122302158273,0.5499999999999999,0.891707540317297,0.8959303902683466
2158.273381294964,0.015,0.014453055833848934,0.015051982022310777
466.1870503597122,0.015,0.30093545252672976,0.32156566979765605
2339.568345323741,0.03,0.02463730302408871,0.021916829234061325
451.0791366906475,0.09,1.9273878786701748,2.1018090483903302
1312.2302158273383,0.03,0.07746371039134148,0.07144974087951804
1886.3309352517986,0.16,0.20130756923519816,0.20274534538290867
1916.546762589928,0.06,0.07315074360241441,0.07425621319475713
300.0,0.35,16.815502306268154,14.794057289231963
556.8345323741007,0.8999999999999999,12.698462223058549,13.31236236003701
1810.7913669064749,0.015,0.020464204157336054,0.021755180563741996
1327.3381294964029,0.11,0.27766466420377467,0.2841939896596298
1372.6618705035971,0.03,0.07085341451190613,0.06558672086203991
677.6978417266187,0.06,0.5736570641272343,0.5859885326659201
330.2158273381295,0.09,3.5753514391018753,3.6662658318895742
1735.2517985611512,0.11,0.16328953351190675,0.1704076483473668
1266.906474820144,0.025,0.06920850813457123,0.06407091729932039
1433.0935251798562,0.5,1.084279492065762,1.0946194041669082
2022.3021582733813,0.5499999999999999,0.6028618575137913,0.6097965352958741
964.7482014388489,0.95,4.511986510531861,4.512575530568138
2007.1942446043165,0.035,0.038938112569802695,0.036326526662161
1644.6043165467627,0.7999999999999999,1.3207402540016449,1.2977446328225608
949.6402877697842,0.16999999999999998,0.8330541751486874,0.8164664710340029
587.0503597122301,0.22,2.795546022771805,2.7980903119168894
1357.5539568345323,0.22,0.5311097919573106,0.5234581201520566
602.158273381295,0.2,2.416639834763334,2.425398048005956
1040.2877697841727,0.015,0.061358564829594,0.06297816254077714
330.2158273381295,0.18,7.15070287820375,6.7983490923727246
1266.906474820144,0.09,0.24915062928445653,0.25611062378307936
813.6690647482014,0.02,0.13310935166569712,0.12663350490021497
2067.6258992805756,0.18,0.18882422741150212,0.1876038049199716
1297.1223021582734,0.1,0.26420449666225543,0.2713995494404286
1221.5827338129498,0.5499999999999999,1.6365394509880244,1.6230801026372583
1795.68345323741,0.39999999999999997,0.5548455292204815,0.571186783287442
2128.0575539568345,0.39999999999999997,0.3963317423208521,0.4027060298715853
2354.6762589928057,0.5,0.4054187332172615,0.40951109807456526
1146.0431654676258,0.1,0.3376631484704221,0.3446399794925386
1161.1510791366907,0.06999999999999999,0.23031047713041028,0.23277966549799775
1886.3309352517986,0.8499999999999999,1.0694464615619899,1.0647624633417223
1010.0719424460432,0.7999999999999999,3.46924002958081,3.4081956032535157
753.2374100719425,0.05,0.38774568396983805,0.37958192112312
1040.2877697841727,0.11,0.4499628087503561,0.4562951313789007
2279.1366906474823,0.19,0.16433930045218237,0.1614168500465166
1705.0359712230215,0.01,0.0153701954749251,0.019749898635560932
662.589928057554,0.75,7.498248841531277,7.726236104370817
677.6978417266187,0.18,1.7209711923817028,1.7218826314499949
1689.928057553957,0.6499999999999999,1.0168346833016837,1.0033193981358122
1659.7122302158273,0.21,0.3404701517575135,0.3370874974430012
571.9424460431655,0.14,1.8732858651837199,1.9588381830944397
1236.6906474820144,0.19,0.5517494395992654,0.540728637360835
768.3453237410072,0.045000000000000005,0.3355083584653784,0.32209759500038865
2339.568345323741,0.15,0.12318651512044353,0.1248536027482697
2369.7841726618703,0.7999999999999999,0.6405029175674051,0.6367549794968164
1780.5755395683454,0.03,0.04231581975752658,0.03960424245965609
1025.179856115108,0.95,4.000316160094888,3.985611489562213
1916.546762589928,0.045000000000000005,0.05486305770181082,0.053083956695408226
2279.1366906474823,0.7,0.6054605806133035,0.6014877323834946
813.6690647482014,0.21,1.3976481924898199,1.369046587962609
1976.978417266187,0.035,0.040125951401672424,0.03751224432684813
1795.68345323741,0.16999999999999998,0.2358093499187046,0.2359236464087342
1584.1726618705036,0.06999999999999999,0.12446177692819957,0.1284316664435166
1584.1726618705036,0.08,0.1422420307750852,0.14824927061203091
2173.3812949640287,0.06,0.05701878878567237,0.057175843059586326
1402.8776978417266,0.015,0.03393102893830497,0.03558269928218366
2354.6762589928057,0.06999999999999999,0.05675862265041662,0.057666318416154175
2339.568345323741,0.1,0.08212434341362904,0.08627647194260027
1372.6618705035971,0.6,1.4170682902381226,1.3956313276805312
874.1007194244604,0.09,0.5197347848678977,0.5344941138301568
843.884892086331,0.44999999999999996,2.7862466611215235,2.815771699567967
1146.0431654676258,0.09,0.3038968336233799,0.3108265524178649
1765.4676258992806,0.035,0.05020892185625176,0.0473119118329034
707.9136690647482,0.13,1.1400242824614235,1.1730574726151324
2279.1366906474823,0.09,0.07784493179313903,0.08173756989038983
964.7482014388489,0.25,1.1873648711925948,1.1647364133390874
2400.0,0.5,0.3903913907664512,0.39343956330902097
1901.4388489208634,0.8499999999999999,1.052678068450998,1.0484596909655373
828.7769784172662,0.16,1.026762066587124,1.0179535160714481
1085.611510791367,0.15,0.5638756558229789,0.5571967990720564
2400.0,0.06999999999999999,0.054654794707303174,0.055302598790702394
466.1870503597122,0.5499999999999999,11.034299925980093,11.400881955670084
571.9424460431655,0.7,9.366429325918599,9.76842332159116
2248.9208633093526,0.3,0.26643540679171074,0.2604585291585478
889.2086330935252,0.3,1.6746220348168115,1.6651511029886272
435.9712230215828,0.95,21.765088060657614,22.22330772244058
511.51079136690646,0.08,1.335501745769079,1.44984357376305
813.6690647482014,0.15,0.9983201374927285,0.9970528142663997
1221.5827338129498,0.44999999999999996,1.3389868235356566,1.3559320892338702
617.2661870503597,0.015,0.17256508598531883,0.18284551874998353
1387.769784172662,0.11,0.2542227123942794,0.2610423130599999
1266.906474820144,0.1,0.2768340325382849,0.28393978153438354
647.4820143884892,0.8499999999999999,8.895337478465331,9.234677498651306
1327.3381294964029,0.23,0.5805715706078926,0.5727530144724695
1176.2589928057555,0.16999999999999998,0.5451829083031001,0.5352854222953417
692.8057553956835,0.3,2.745696666069341,2.7477853001146335
1992.086330935252,0.3,0.33878844240287004,0.3381727561122687
1523.7410071942447,0.8999999999999999,1.7283987260821492,1.7139218293885379
617.2661870503597,0.16999999999999998,1.9557376411669465,1.9848471173581053
2007.1942446043165,0.02,0.022250350039887255,0.021525686148549574
1961.8705035971223,0.22,0.25608267228465625,0.25211731406334176
300.0,0.09,4.323986307326097,4.2599970849402595
677.6978417266187,0.14,1.3385331496302133,1.373509295278969
1825.8992805755395,0.5499999999999999,0.7381042136886107,0.7447560835974
1221.5827338129498,0.12,0.3570631529428418,0.3612073784649495
1689.928057553957,0.35,0.547526367931676,0.5612007758605778
511.51079136690646,0.23,3.839567519086102,3.849981372986938
2339.568345323741,0.21,0.17246112116862095,0.16725268358373407
813.6690647482014,0.7,4.6588273082994,4.661418195270591
1130.9352517985612,0.09,0.3119921868044661,0.3189705334865903
2067.6258992805756,0.35,0.3671582199668097,0.37035229202900927
738.1294964028777,1.0,8.072523215216847,8.282454561790031
904.31654676259,0.23,1.2417325239305206,1.2133219927491086
843.884892086331,0.12,0.7429991096324063,0.7558172527234971
2233.812949640288,0.01,0.009000571668250745,0.011286945409424227
828.7769784172662,0.19,1.2192799540722097,1.1957282293419882
1433.0935251798562,0.05,0.1084279492065762,0.1061269284686879
2294.244604316547,0.025,0.021342406116967867,0.01927284072428722
1327.3381294964029,0.025,0.06310560550085786,0.0586431479687121
511.51079136690646,0.7,11.685640275479441,12.241588961133651
435.9712230215828,0.5,11.455309505609273,11.691613305894874
1206.474820143885,0.12,0.3659756028117149,0.36999669379858685
2097.8417266187053,0.22,0.22424639226756657,0.21950907885128967
1206.474820143885,0.13,0.3964735697126911,0.3980367371984315
2037.4100719424462,0.11,0.11880756326183595,0.12474010704956819
1825.8992805755395,0.03,0.040260229837560585,0.03764469542713154
1931.6546762589928,0.39999999999999997,0.48014432198631835,0.4926188448592363
1100.7194244604316,0.015,0.054864623661378224,0.05643400153795756
587.0503597122301,0.02,0.25414054752470955,0.24913419471854623
662.589928057554,0.39999999999999997,3.9990660488166805,4.079193953887992
1750.3597122302158,0.1,0.14591744180182692,0.1531708869273914
1825.8992805755395,0.7,0.9394053628764137,0.9265671219533019
1146.0431654676258,0.21,0.7090926117878864,0.69285687374904
1856.1151079136691,0.1,0.12990729495417008,0.13674058766813793
1750.3597122302158,0.8499999999999999,1.2402982553155286,1.2300071693163914
587.0503597122301,0.16999999999999998,2.1601946539600307,2.2022183592103577
2037.4100719424462,0.7,0.7560481298480469,0.7494322691261078
1297.1223021582734,0.015,0.039630674499338304,0.04125829288065045
1266.906474820144,0.95,2.6299233091137073,2.610562440666782
1055.3956834532373,0.12,0.4770455912989747,0.48060479937875705
1674.820143884892,0.39999999999999997,0.6369764215511258,0.6562283736264359
904.31654676259,1.0,5.398837060567481,5.447165923285306
1901.4388489208634,0.3,0.37153343592388166,0.3728614266640471
526.6187050359713,0.5,7.879169453338671,8.148590746210903
1251.7985611510792,0.14,0.3968891796917909,0.39652558708115637
1251.7985611510792,0.8499999999999999,2.409684305271587,2.3585149088049353
360.431654676259,0.09,3.0059886040327313,3.1684000334063183
390.6474820143885,0.2,5.695231635775363,5.611091285030926
1523.7410071942447,0.25,0.4801107572450415,0.4782251999154794
979.8561151079136,0.025,0.1151370452302048,0.10536634332167343
2384.8920863309354,0.8999999999999999,0.7115508172692369,0.716639028631447
1312.2302158273383,0.3,0.7746371039134149,0.7804196438920634
1705.0359712230215,0.23,0.3535144959232774,0.35045637393293916
1206.474820143885,0.35,1.0674288415341684,1.0832054761219547
1961.8705035971223,0.39999999999999997,0.46560485869937496,0.477165579757386
1146.0431654676258,0.015,0.0506494722705633,0.05221626942232689
1856.1151079136691,0.24,0.31177750789000824,0.30847082843425416
2354.6762589928057,0.025,0.02027093666086308,0.018118701259696383
1161.1510791366907,0.11,0.3619164640620733,0.36770228995230286
2203.5971223021584,0.2,0.18493432196925982,0.18120978895256992
360.431654676259,0.5499999999999999,18.3699303579778,18.044787996589314
843.884892086331,0.19,1.1764152569179767,1.1524742520504232
798.5611510791367,0.5,3.4536155425875408,3.4890151935510407
2279.1366906474823,0.14,0.1210921161226607,0.12399632514151304
2233.812949640288,0.8499999999999999,0.7650485918013129,0.7650611383451387
315.10791366906477,0.3,13.07646131930195,11.736182024796063
2324.4604316546765,0.09,0.0748666500807224,0.07847624522531975
1735.2517985611512,0.045000000000000005,0.06680026370941641,0.06487197799932332
1236.6906474820144,0.11,0.31943388608378526,0.3254919959266833
1417.9856115107914,0.2,0.44291426040475773,0.43668239285515115
1659.7122302158273,0.16,0.25940582991048644,0.26034754449079944
858.9928057553957,0.95,5.678892825383442,5.7363532229972565
1493.525179856115,0.04,0.07992713188190853,0.0759735647984669
2264.028776978417,0.18,0.1577548088699785,0.1560337892771378
1976.978417266187,1.0,1.1464557543334977,1.1797353641913402
707.9136690647482,1.0,8.769417557395565,9.027214290350868
1795.68345323741,0.6,0.8322682938307223,0.8305678327347141
2400.0,0.23,0.1795800397525675,0.17239931537638573
1342.4460431654677,0.5499999999999999,1.3575410777210573,1.3501786789785946
2354.6762589928057,0.7999999999999999,0.6486699731476183,0.6449419165203485
768.3453237410072,0.12,0.8946889559076756,0.9188273873122887
1584.1726618705036,0.12,0.2133630461626278,0.21974264000968682
330.2158273381295,0.22,8.739747962249027,8.107533266797539
2082.73381294964,0.3,0.31020058721901717,0.30762970006650897
1070.5035971223022,0.06999999999999999,0.2705501082759048,0.27282668010133787
783.453237410072,0.35,2.510761443845332,2.5286360161005303
1841.0071942446043,0.12,0.15843332683362488,0.1646368888882729
1961.8705035971223,0.21,0.24444255081717187,0.2409083108764664
2248.9208633093526,0.11,0.09769298249029396,0.10251880366499723
2369.7841726618703,0.18,0.14411315645266615,0.1421278425960163
1176.2589928057555,0.045000000000000005,0.14431312278611477,0.1371265846536997
466.1870503597122,0.2,4.012472700356398,4.045467783627779
1508.63309352518,0.025,0.048968262790450634,0.04596437891984729
2354.6762589928057,0.14,0.11351724530083322,0.11616278646694134
994.9640287769785,0.15,0.6701959161441035,0.662264528450358
2233.812949640288,0.39999999999999997,0.3600228667300296,0.36308561757277397
1176.2589928057555,0.14,0.4489741597790237,0.44726068251158113
2203.5971223021584,0.3,0.2774014829538897,0.27231761933630305
1569.0647482014388,0.23,0.41678342191092094,0.4132972159404491
375.53956834532374,0.44999999999999996,13.85571109666793,13.599195697022736
828.7769784172662,0.8499999999999999,5.454673478744096,5.492190081456185
405.75539568345323,0.95,25.093307665920708,25.19671351415256
1629.4964028776978,0.05,0.08406935585177126,0.08289283551053372
1206.474820143885,0.25,0.762449172524406,0.7529748451778921
874.1007194244604,0.5499999999999999,3.1761570186371517,3.1747302798069557
451.0791366906475,0.14,2.9981589223758274,3.1561664634702082
1448.2014388489208,0.11,0.23363673141010508,0.24068602104429263
451.0791366906475,0.7999999999999999,17.132336699290438,17.884032415118917
677.6978417266187,0.11,1.0517046175665963,1.105197648238366
571.9424460431655,0.04,0.5352245329096342,0.5202349189814237
1780.5755395683454,0.16999999999999998,0.23978964529265065,0.23987450743150363
964.7482014388489,0.3,1.424837845431114,1.4177297682346433
1961.8705035971223,0.5499999999999999,0.6402066807116406,0.6473043272332611
300.0,0.23,11.050187229833357,9.78028910837297
1402.8776978417266,0.23,0.5202757770540096,0.5144370832189855
1025.179856115108,0.16,0.6737374585422969,0.6622283528339772
1478.4172661870505,0.08,0.1631067060345326,0.1691417459807487
964.7482014388489,0.15,0.712418922715557,0.7044590863472089
738.1294964028777,0.08,0.6458018572173478,0.673678816079066
738.1294964028777,0.035,0.2825383125325896,0.26355741758206935
375.53956834532374,0.06,1.8474281462223907,1.8838254749330512
1236.6906474820144,0.6499999999999999,1.8875638723132762,1.841216178013894
1387.769784172662,0.8999999999999999,2.0800040104986497,2.053661051314445
1523.7410071942447,0.23,0.44170189666543813,0.43780918096032745
2339.568345323741,0.035,0.028743520194770153,0.025782313956799113
2112.94964028777,0.06,0.060294830832367294,0.06070720799645921
1961.8705035971223,0.01,0.011640121467484374,0.014926966495370423
1629.4964028776978,0.21,0.3530912945774393,0.3495423811778692
1100.7194244604316,0.045000000000000005,0.1645938709841347,0.1559413889227875
2384.8920863309354,0.16999999999999998,0.13440404326196695,0.13360288077331683
2037.4100719424462,0.06999999999999999,0.07560481298480469,0.0782329427974504
496.40287769784175,0.6,10.629201883355899,11.059243974660099
1856.1151079136691,0.06,0.07794437697250205,0.0792027476987319
1901.4388489208634,0.22,0.2724578530108465,0.26878353091632523
1523.7410071942447,0.16,0.30727088463682656,0.30709726939462384
2158.273381294964,0.6499999999999999,0.6262990861334538,0.6244237885641861
2143.1654676258995,0.25,0.24425995560821726,0.23835954916958965
2007.1942446043165,0.08,0.089001400159549,0.09341461212313285
2369.7841726618703,0.22,0.1761383023310364,0.16990257673995873
1720.1438848920864,0.24,0.3624937996995655,0.35990645959020295
360.431654676259,0.24,8.01596961075395,7.618839122797403
405.75539568345323,0.39999999999999997,10.565603227756084,10.492876130436409
1040.2877697841727,0.05,0.20452854943198004,0.19675200577406363
587.0503597122301,0.015,0.19060541064353217,0.20281137912902483
1825.8992805755395,0.25,0.33550191531300494,0.33292053402336913
874.1007194244604,0.24,1.3859594263143937,1.3574972881276566
420.863309352518,0.6,14.741175041258941,15.111900842532549
1644.6043165467627,0.35,0.5778238611257197,0.5924853394593258
1901.4388489208634,0.03,0.037153343592388165,0.034644439181386794
2354.6762589928057,0.25,0.20270936660863073,0.19472239014424148
2143.1654676258995,0.18,0.17586716803791647,0.17446283161540263
1206.474820143885,0.3,0.9149390070292872,0.9180378314293752
1387.769784172662,0.25,0.5777788918051805,0.5740782639359377
1538.8489208633093,0.01,0.018832707176987405,0.02403555704410516
1810.7913669064749,0.2,0.2728560554311473,0.2701900718982358
1372.6618705035971,0.22,0.519591706420645,0.5123482761818413
2369.7841726618703,0.12,0.0960754376351108,0.10004016742739333
1735.2517985611512,0.13,0.19297853960498068,0.19832354541377933
2339.568345323741,0.2,0.16424868682725807,0.16004690632873678
919.4244604316547,0.5,2.6122519913043436,2.6196222433585272
1553.9568345323742,0.6499999999999999,1.2006609039480027,1.1793834865071862
526.6187050359713,0.14,2.206167446934828,2.3209590419314394
1705.0359712230215,0.6499999999999999,0.9990627058701316,0.9862689745347288
1750.3597122302158,0.16999999999999998,0.24805965106310568,0.24806737942470206
2143.1654676258995,0.11,0.1074743804676156,0.11286466020713917
315.10791366906477,0.14,6.1023486156742415,5.924276358019048
1584.1726618705036,0.15,0.2667038077032848,0.2686716691798168
