coordinate_m,temperature_k,kappa_gas_m-1,kappa_particle_m-1,sigma_particle_m-1,heat_flux_absorption_only_w_m2,heat_flux_with_scattering_w_m2,source_term_absorption_only_w_m3,source_term_with_scattering_w_m3,heat_flux_error_percent_of_peak_flux
0.0,1250.0,0.44066645284313855,0.035482411067126206,0.045509147527499724,-198152.6716287893,-198794.48459486148,-213402.79853822297,-209364.87111066876,-0.30938949340327915
0.0125,1287.03125,0.4351127704904677,0.03541197332111074,0.045491823861594984,-200623.17392410472,-201214.27694409527,-184732.14029456448,-180848.0831580728,-0.2849444831618733
0.025,1323.125,0.4296384401562476,0.03534705859858992,0.04547594871045599,-202732.2655844845,-203274.70637836106,-154990.81480052206,-151259.12672963334,-0.2614865876671464
0.037500000000000006,1358.28125,0.4242789789043462,0.03528710060230846,0.045461364300703425,-204467.0157953916,-204962.832842223,-124271.46165521111,-120690.63209982765,-0.23901135229266046
0.05,1392.5,0.4190596802161619,0.03523160981867019,0.04544793515435605,-205815.66449380017,-206266.88735257633,-92666.02412684639,-89234.59181339077,-0.217514477065017
0.0625,1425.78125,0.41399816724290506,0.03518016103522857,0.04543554433687635,-206767.61873228123,-207176.26867641738,-60267.09285426585,-56983.670890871246,-0.19699196787704734
0.07500000000000001,1458.125,0.40910629754668243,0.03513238321986043,0.04542409043549492,-207313.4629994442,-207681.55365059,-27168.724748408025,-24032.00259952885,-0.17744013615281248
0.08750000000000001,1489.53125,0.4043915931578684,0.03508795125704209,0.0454134851079336,-207444.97785372203,-207774.51560372545,6533.109994227219,9524.38016567225,-0.1588554967263625
0.1,1520.0,0.3998583202954151,0.035046579156128986,0.04540365108032073,-207155.16285086185,-207448.14693530943,40740.34535147181,43587.372536320596,-0.14123459988227768
0.1125,1549.53125,0.39550830855878694,0.035008014435136216,0.04539452050157708,-206438.26089305026,-206696.68303376518,75352.82526032519,78056.80970057758,-0.12457382356932267
0.125,1578.125,0.3913415750344219,0.034972033449844515,0.0453860335827393,-205289.78194632288,-205515.6255192537,110268.4432756134,112830.60993989476,-0.10886914461243925
0.1375,1605.78125,0.38735680139894685,0.03493843748816012,0.045378137465594194,-203706.52466210022,-203901.76337524192,145383.3768463773,147805.0102065881,-0.09411590252108981
0.15000000000000002,1632.5,0.3835516996170874,0.03490704948782616,0.0453707852770423,-201686.59486621674,-201853.19095247838,180592.38768669066,182874.866298694,-0.08030856566656543
0.1625,1658.28125,0.3799232927769069,0.034877711264895195,0.045363935334805254,-199229.42019147347,-199369.32213586784,215789.16735973963,217933.99717790217,-0.06744050679935935
0.17500000000000002,1683.125,0.37646813098374576,0.034850281163050084,0.0453575504771668,-196335.7603601534,-196450.9001908507,250866.7126767391,252875.5583477164,-0.05550379280740581
0.1875,1707.03125,0.37318245735615946,0.03482463205153193,0.04535159749492057,-193007.71279398244,-193100.0029737655,285717.7194739642,287592.43308907025,-0.04448899208740957
0.2,1730.0,0.37006233554791507,0.03480064961329773,0.0453460466479762,-189248.71335693003,-189320.04331622922,320234.9862131815,321977.6331725937,-0.03438500176633835
0.21250000000000002,1752.03125,0.36710374751707675,0.03477823087597508,0.04534087125243703,-185063.53213257773,-185115.76448815924,354311.82096088276,355924.7027324793,-0.025178896168959252
0.225,1773.125,0.3643026682319419,0.03475728294687613,0.04533604732661793,-180458.2642108734,-180493.23071584164,387842.44685615564,389328.1205084747,-0.016855797296232183
0.23750000000000002,1793.2812500000002,0.36165512246827747,0.03473772192027969,0.04533155328658514,-175440.31551495264,-175459.81278634185,420722.40232896566,422083.69679003366,-0.00939876761102119
0.25,1812.5,0.3591572276855699,0.034719471930770816,0.045327369683487675,-170018.38374171968,-170024.16881183907,452848.933189178,454088.9622370144,-0.0027887250774881814
0.2625,1830.78125,0.3568052260788588,0.03470246433093488,0.04532347897630774,-164202.43452326616,-164196.22026030582,484121.37435023626,485243.54638131394,0.00299561986249437
0.275,1848.125,0.3545955082188537,0.03468663697536244,0.04531986533475524,-158003.67294232466,-157987.12338466264,514441.5194365519,515449.54408879083,0.007977805890141042
0.28750000000000003,1864.53125,0.35252463016592284,0.03467193359590564,0.045316514467921565,-151434.5105555563,-151409.23620283965,543713.9768915633,544611.8686211313,0.012183641647127435
0.30000000000000004,1880.0,0.35058932553557853,0.034658303255574334,0.04531341347503584,-144508.5280948729,-144476.0811973415,571846.5114840292,572638.5902122031,0.01564120658263106
0.3125,1894.53125,0.3487865136761544,0.03464569987047449,0.04531055071526238,-137240.4340301549,-137202.3039159089,598750.3703255759,599441.2592846293,0.018380832662467383
0.325,1908.125,0.3471133048722856,0.03463408179085852,0.04530791569396983,-129646.01918739597,-129603.62766540491,624340.5926791022,624935.213595675,0.020435067857341876
0.3375,1920.78125,0.3455670032945575,0.0346234114337421,0.045305498963308544,-121742.1076250234,-121696.80449967673,648536.302967377,649039.8687288791,0.021838622373698144
0.35000000000000003,1932.5,0.3441451082641059,0.03461365496069835,0.04530329203527063,-113546.50397833031,-113499.5627092619,671260.9864931542,671678.9914480423,0.022628298623604867
0.36250000000000004,1943.28125,0.3428453142817262,0.0346047819954097,0.04530128730568978,-105077.9374879431,-105030.55102673238,692442.7474630122,692780.9555097217,0.022842905960407365
0.375,1953.125,0.3416655101770497,0.03459676537637472,0.04529947798787399,-96356.0029332492,-96309.27976644074,712014.5489720268,712278.979594276,0.022523161221769034
0.3875,1962.03125,0.3406037776590585,0.0345895809408588,0.045297858054764835,-87401.09869594396,-87356.05912162764,729914.4346590812,730111.3470674488,0.02171157614048564
0.4,1970.0,0.33965838949039207,0.034583207336766716,0.0452964221886854,-78234.36218243849,-78191.93484541106,746085.7317860413,746221.6073273355,0.020452332693900455
0.41250000000000003,1977.03125,0.33882780746121566,0.03457762585961852,0.04529516573788444,-68877.60283691765,-68838.62154521004,760477.235530281,760558.7585274371,0.01879114747000163
0.42500000000000004,1983.125,0.33811068030130015,0.03457282031224556,0.04529408467920694,-59353.23297944408,-59318.433822746854,773043.3743109204,773077.4114970508,0.016775126135743414
0.4375,1988.28125,0.3375058416393658,0.03456877688519946,0.04529317558632956,-49684.19670571307,-49654.21549396879,783744.35599581,783737.9347067052,0.014452609098793876
0.45,1992.5,0.33701230809505894,0.034565484056197714,0.04529243560309219,-39893.89708694838,-39869.2671251101,792546.2948597872,792506.580149661,0.011873009456826298
0.4625,1995.78125,0.3366292775698988,0.03456293250722054,0.04529186242153925,-30006.121910004087,-29987.272122683855,799421.3191858046,799355.5900314451,0.009086644331068858
0.47500000000000003,1998.125,0.33635612778811,0.03456111505813438,0.0452914542643571,-20044.968199051622,-20032.22161650043,804347.6594197376,804263.2841785003,0.006144560684511586
0.48750000000000004,1999.53125,0.3361924151256364,0.03456002661595321,0.04529120987146115,-10034.76576129622,-10028.338375873098,807309.7168075262,807214.1280948005,0.0030983567255379223
0.5,2000.0,0.336137873755118,0.034559664139065034,0.045291128490544966,-3.4287142482824054e-11,5.714523747137342e-11,808298.1124600872,808198.7816120082,4.4075484931079026e-14
0.5125000000000001,1999.53125,0.3361924151256364,0.03456002661595321,0.04529120987146115,10034.765761296196,10028.338375873165,807309.7168075262,807214.1280948005,-0.0030983567254940798
0.525,1998.125,0.33635612778811,0.03456111505813438,0.0452914542643571,20044.96819905152,20032.22161650043,804347.6594197376,804263.2841785005,-0.006144560684462482
0.5375,1995.78125,0.3366292775698988,0.03456293250722054,0.04529186242153925,30006.121910003993,29987.272122683822,799421.3191858046,799355.5900314451,-0.009086644331039045
0.55,1992.5,0.33701230809505894,0.034565484056197714,0.04529243560309219,39893.897086948324,39869.26712511011,792546.2948597872,792506.580149661,-0.011873009456791223
0.5625,1988.28125,0.3375058416393658,0.03456877688519946,0.04529317558632956,49684.19670571301,49654.21549396878,783744.3559958098,783737.9347067052,-0.014452609098769324
0.5750000000000001,1983.125,0.33811068030130015,0.03457282031224556,0.04529408467920694,59353.23297944414,59318.43382274688,773043.3743109204,773077.4114970507,-0.016775126135757445
0.5875,1977.03125,0.3388278074612156,0.03457762585961852,0.04529516573788444,68877.60283691762,68838.62154521003,760477.2355302811,760558.7585274371,-0.018791147469994614
0.6000000000000001,1970.0,0.33965838949039207,0.034583207336766716,0.0452964221886854,78234.36218243845,78191.93484541094,746085.7317860414,746221.6073273355,-0.02045233269393553
0.6125,1962.03125,0.34060377765905847,0.0345895809408588,0.045297858054764835,87401.09869594398,87356.05912162762,729914.4346590812,730111.3470674487,-0.02171157614049967
0.625,1953.125,0.3416655101770497,0.03459676537637472,0.04529947798787399,96356.0029332492,96309.27976644061,712014.5489720268,712278.979594276,-0.022523161221832167
0.6375000000000001,1943.28125,0.3428453142817262,0.0346047819954097,0.04530128730568978,105077.93748794319,105030.55102673231,692442.7474630125,692780.9555097217,-0.02284290596048453
0.65,1932.5,0.3441451082641059,0.03461365496069835,0.04530329203527063,113546.50397833034,113499.56270926177,671260.9864931542,671678.9914480423,-0.02262829862368203
0.6625000000000001,1920.78125,0.3455670032945575,0.0346234114337421,0.045305498963308544,121742.1076250234,121696.80449967658,648536.302967377,649039.8687288791,-0.021838622373768293
0.675,1908.125,0.3471133048722856,0.03463408179085852,0.04530791569396983,129646.01918739603,129603.6276654048,624340.5926791022,624935.2135956751,-0.020435067857426055
0.6875,1894.53125,0.3487865136761544,0.03464569987047449,0.04531055071526238,137240.43403015484,137202.3039159088,598750.370325576,599441.2592846293,-0.018380832662495444
0.7000000000000001,1880.0,0.35058932553557853,0.034658303255574334,0.04531341347503584,144508.5280948729,144476.0811973415,571846.5114840295,572638.5902122031,-0.01564120658263106
0.7125,1864.53125,0.35252463016592284,0.03467193359590564,0.045316514467921565,151434.51055555634,151409.23620283967,543713.9768915636,544611.8686211314,-0.012183641647127435
0.7250000000000001,1848.125,0.35459550821885366,0.03468663697536244,0.04531986533475524,158003.67294232463,157987.1233846626,514441.5194365518,515449.5440887909,-0.007977805890141042
0.7375,1830.78125,0.3568052260788588,0.03470246433093488,0.04532347897630774,164202.43452326613,164196.2202603057,484121.3743502364,485243.5463813141,-0.002995619862536459
0.75,1812.5,0.3591572276855699,0.034719471930770816,0.045327369683487675,170018.38374171962,170024.16881183896,452848.9331891781,454088.9622370145,0.0027887250774601222
0.7625000000000001,1793.2812499999998,0.3616551224682776,0.03473772192027969,0.04533155328658514,175440.31551495256,175459.81278634176,420722.4023289651,422083.69679003285,0.00939876761102119
0.775,1773.125,0.3643026682319419,0.03475728294687613,0.04533604732661793,180458.26421087323,180493.23071584152,387842.44685615564,389328.1205084749,0.016855797296260244
0.7875000000000001,1752.0312499999998,0.36710374751707686,0.03477823087597508,0.04534087125243703,185063.53213257762,185115.76448815904,354311.8209608823,355924.702732479,0.02517889616891716
0.8,1730.0,0.370062335547915,0.03480064961329773,0.0453460466479762,189248.71335693,189320.04331622907,320234.9862131817,321977.6331725938,0.03438500176628223
0.8125,1707.03125,0.37318245735615946,0.03482463205153193,0.04535159749492057,193007.7127939823,193100.0029737653,285717.7194739643,287592.43308907025,0.04448899208738151
0.8250000000000001,1683.125,0.37646813098374576,0.034850281163050084,0.0453575504771668,196335.76036015333,196450.9001908507,250866.71267673917,252875.5583477164,0.05550379280743387
0.8375,1658.28125,0.3799232927769069,0.034877711264895195,0.045363935334805254,199229.4201914734,199369.32213586775,215789.16735973963,217933.99717790238,0.06744050679935935
0.8500000000000001,1632.4999999999998,0.38355169961708746,0.03490704948782616,0.0453707852770423,201686.5948662166,201853.1909524782,180592.3876866903,182874.8662986938,0.0803085656665514
0.8625,1605.7812499999998,0.38735680139894696,0.03493843748816012,0.045378137465594194,203706.52466210022,203901.76337524186,145383.37684637704,147805.01020658785,0.09411590252106175
0.875,1578.125,0.3913415750344219,0.034972033449844515,0.0453860335827393,205289.7819463228,205515.62551925355,110268.4432756135,112830.60993989486,0.10886914461241119
0.8875000000000001,1549.5312499999998,0.3955083085587869,0.035008014435136216,0.04539452050157708,206438.26089305017,206696.68303376494,75352.82526032487,78056.80970057748,0.12457382356925252
0.9,1520.0,0.3998583202954151,0.035046579156128986,0.04540365108032073,207155.1628508618,207448.14693530934,40740.34535147181,43587.3725363208,0.14123459988226367
0.9125000000000001,1489.5312499999998,0.4043915931578685,0.03508795125704209,0.0454134851079336,207444.97785372194,207774.51560372527,6533.109994227017,9524.380165672252,0.15885549672632043
0.925,1458.125,0.4091062975466824,0.03513238321986043,0.04542409043549492,207313.46299944416,207681.55365058978,-27168.724748408025,-24032.002599528743,0.17744013615271428
0.9375,1425.78125,0.41399816724290506,0.03518016103522857,0.04543554433687635,206767.6187322812,207176.26867641727,-60267.09285426595,-56983.67089087093,0.19699196787700524
0.9500000000000001,1392.4999999999998,0.419059680216162,0.03523160981867019,0.04544793515435605,205815.66449380026,206266.8873525761,-92666.02412684656,-89234.59181339074,0.21751447706486265
0.9625,1358.28125,0.4242789789043462,0.03528710060230846,0.045461364300703425,204467.01579539172,204962.8328422228,-124271.46165521111,-120690.63209982737,0.23901135229250614
0.9750000000000001,1323.1249999999998,0.4296384401562475,0.03534705859858992,0.04547594871045599,202732.26558448456,203274.70637836083,-154990.81480052235,-151259.12672963325,0.2614865876670061
0.9875,1287.03125,0.4351127704904677,0.03541197332111074,0.045491823861594984,200623.17392410475,201214.27694409507,-184732.14029456454,-180848.08315807264,0.2849444831617611
1.0,1250.0,0.44066645284313855,0.035482411067126206,0.045509147527499724,198152.6716287893,198794.48459486125,-213402.79853822305,-209364.87111066858,0.3093894934031669
