temperature_k,radius_um,coal_char_q_abs,coal_char_q_scat,ash1_q_abs,ash1_q_scat,ash2_q_abs,ash2_q_scat
700.0,0.05,0.037056486776436,1.8788838208034076e-05,0.029274864594123706,1.5804279694296735e-05,0.013648862818242652,1.0678943040232635e-05
700.0,0.05402359111590645,0.04034950586186602,2.5408372766744214e-05,0.031820483327167894,2.1523464688921664e-05,0.014552956711088472,1.455036375243053e-05
700.0,0.0583709679411729,0.04393513452264318,3.43596948834061e-05,0.034583773284797274,2.9308572687213466e-05,0.015513539922825165,1.9824304517358814e-05
700.0,0.06306818610187218,0.04783936354664564,4.646393412770368e-05,0.03758259758733734,3.990365384997977e-05,0.01653377792008244,2.7008244335517865e-05
700.0,0.06814339796778869,0.052090488372509416,6.28311835054025e-05,0.040836133321458565,5.431940955907097e-05,0.017616975225817868,3.679289423866844e-05
700.0,0.07362702138120615,0.05671931185278989,8.496204544202539e-05,0.04436493705585298,7.392796860037353e-05,0.018766577475516445,5.0118109148555676e-05
700.0,0.07955192196360762,0.06175936421705246,0.00011488475736862832,0.048191006813501566,0.00010059088374705313,0.01998617302190184,6.826235420024317e-05
700.0,0.08595361009292872,0.0672471414378596,0.00015534028623209067,0.05233783859348037,0.00013683171729207387,0.021279494026348232,9.296404539864508e-05
700.0,0.09287045373192858,0.07322236318148453,0.0002100320391376681,0.056830475137016494,0.00018606831175682238,0.022650416971644785,0.00012658596183145129
700.0,0.10034390838324836,0.07972825145251905,0.0002839625175459938,0.06169554418017539,0.00025292469561481767,0.02410296252742331,0.0001723377604865216
700.0,0.10841876554937169,0.08681183089387809,0.00038388679018236605,0.06696128292804515,0.0003436488358138149,0.02564129469648475,0.00023457670848788399
700.0,0.11714342118661163,0.09452425144851465,0.0005189226374735923,0.07265754492391216,0.0004666704364220691,0.027269719167533676,0.0003192134490061691
700.0,0.12657016576207836,0.10292113368155044,0.0007013703212602258,0.07881578487643698,0.0006333430266035564,0.028992680797537057,0.0004342583863037572
700.0,0.13675549765206044,0.11206293643990065,0.0009478119820601427,0.08546901635766639,0.000858926981066506,0.030814760145162264,0.0005905556452524604
700.0,0.14776046176014435,0.12201534560665842,0.001280582587112067,0.09265173661042689,0.0011638850595213327,0.0327406689756166,0.0008027661315742631
700.0,0.15965101538455134,0.1328496813751956,0.0017297320806237318,0.1003998120287128,0.0015755794762091276,0.03477524465681805,0.0010906796139986592
700.0,0.1724984235274858,0.14464331956874188,0.0023356326670740364,0.10875031723239938,0.002130478885456914,0.03692344336728256,0.0014809585182798716
700.0,0.18637968601574698,0.15748011985807087,0.003152426149034063,0.11774132009310904,0.0028770036647765593,0.03919033203753389,0.0020094435624236177
700.0,0.2013779989925148,0.1714508500073721,0.004252552804808915,0.12741160464030357,0.0038791558911041328,0.041581078949343785,0.0027241832053202597
700.0,0.21758325354622077,0.18665359014347938,0.005732651767710853,0.13780032356008828,0.005221091925766124,0.04410094292080842,0.0036893837885556176
700.0,0.23509257446499263,0.20319409402395086,0.007721165079613165,0.14894657208469303,0.00701279333339281,0.04675526101027525,0.004990512028645577
700.0,0.254010902345651,0.2211860747696824,0.010387997764811365,0.16088887556528614,0.00939696516827632,0.0495494346785584,0.006740809965284177
700.0,0.27445162254607774,0.24075136976780226,0.013956556616753941,0.17366458404610918,0.01255722435684271,0.052488914356820376,0.00908949381378785
700.0,0.2965372447505279,0.2620199225131247,0.018718365352895748,0.18730916884503487,0.0167275153403893,0.05557918237703574,0.012231885081328567
700.0,0.3204001372207999,0.28512949695526046,0.025050163829143327,0.2018554186275011,0.022202482150236447,0.05882573423316093,0.016421638780936193
700.0,0.3461833201339362,0.3102250112609869,0.033432846617913126,0.21733253586005602,0.029348212255576604,0.062234058154061515,0.021985053281665556
700.0,0.37404132276125424,0.33745734162125274,0.044470660472516674,0.2337651389420786,0.038612331039555366,0.0658096129839152,0.029337122776781056
700.0,0.40414110962613575,0.3669814019595036,0.05890764116097213,0.25117218078646164,0.05053186805855418,0.06955780438221966,0.03899847418982194
700.0,0.4366630811914216,0.3989532520542524,0.07763627176307267,0.2695658011242146,0.06573667386558343,0.07348395937364323,0.05161156926640534
700.0,0.4718021550739443,0.4335259262239459,0.10169091566507632,0.288950137212624,0.08494553105217618,0.0775932992976981,0.06795353300365418
700.0,0.509768934266365,0.4708436118437396,0.13221621894630958,0.3093201256685998,0.10895164054204756,0.0818909112294708,0.08894174315211278
700.0,0.5507909693679497,0.5110337510062078,0.1703994724575136,0.3306603364098883,0.13859411716206038,0.08638171796526048,0.11562705445364178
700.0,0.5951141223893575,0.5541966066435137,0.2173576321417806,0.352943887581595,0.1747127930992973,0.09107044669074799,0.14916858164410585
700.0,0.6430040403052831,0.6003918542616502,0.2739764427118458,0.3761314971277993,0.21808528213273703,0.09596159647399521,0.1907838720705603
700.0,0.6947477471865686,0.6496218737952343,0.3407123496339684,0.40017073146311194,0.2693480394047251,0.10105940475086356,0.24166975314248065
700.0,0.7506553644540866,0.7018116795310078,0.41738658063663814,0.4249955135665388,0.3289069044498582,0.10636781299598831,0.30289279189638457
700.0,0.8110619695645859,0.7567859066504888,0.5030195663900157,0.45052595085094127,0.3968467592294641,0.11189043179787025,0.37525441625027206
700.0,0.8763296042683791,0.8142440333460205,0.5957630562216177,0.4766685366038018,0.472853449550162,0.11763050558150911,0.4591437545330347
700.0,0.94684944447518,0.8737360839963407,0.6929766413573911,0.5033167671976557,0.5561627345775259,0.12359087724584013,0.5543994298425728
700.0,1.0230441447330059,0.9346423690007883,0.7914613989091522,0.5303522006221106,0.6455496194939455,0.12977395300554692,0.6602071208250196
700.0,1.1053703713715621,0.9961621521783199,0.8878152683821745,0.5576459607387547,0.7393665262023584,0.13618166774708632,0.7750596190345811
700.0,1.1943215394922988,1.0573170688075824,0.9788329888549405,0.5850606671588657,0.8356309625643427,0.1428154512264581,0.8967984336141425
700.0,1.290430770209037,1.1169750224363426,1.0618584471884347,0.6124527445238568,0.9321543516274793,0.14967619545083108,1.022741280254183
700.0,1.3942740858631448,1.1738985010493712,1.1350163209270245,0.6396750394124103,1.026695809035329,0.1567642235971123,1.1498816124075735
700.0,1.506473862363495,1.2268173972849412,1.1972922219485864,0.6665796505152576,1.1171200751971266,0.16407926082739605,1.2751302639092832
700.0,1.6277025593425158,1.2745208353621151,1.2484753768991532,0.6930208604484138,1.2015387156398314,0.17162040736354012,1.3955605406896983
700.0,1.75868675048469,1.3159565350294802,1.289007605781396,0.7188580475661639,1.2784179067367627,0.17938611418046999,1.5086193552896288
700.0,1.9002114781829416,1.3503219997813378,1.3197907790364658,0.7439584546479263,1.3466431987731087,0.18737416166991647,1.6122771627132997
700.0,2.0531249586221487,1.3771313664575084,1.341996517624034,0.7681996987360987,1.4055395484806545,0.19558164161289254,1.705104507831497
700.0,2.2183436654893054,1.3962459574512605,1.356905715144758,0.7914719220907858,1.454851724684076,0.2040049427801992,1.7862779784812342
700.0,2.3968578227791077,1.4078643762049587,1.3657894181266317,0.8136795066963852,1.4946946858302292,0.2126397404555762,1.8555294186479536
700.0,2.5897373396156045,1.4124767311113795,1.3698309312921642,0.8347423018061718,1.5254853529763444,0.22148099014588754,1.9130577112847453
700.0,2.7981382226597757,1.4107943025885867,1.3700825750733046,0.8545963430605994,1.5478667278777893,0.230522925707164,1.9594226901435996
700.0,3.0233095045352174,1.403668827253491,1.367448267028021,0.8731940701420297,1.5626333048140746,0.23975906207476166,1.995437432882193
700.0,3.2666007297968864,1.3920144675198487,1.3626834325808062,0.8905040754013849,1.5706640379728471,0.24918220274080663,2.022070264048756
700.0,3.52947004330937,1.376741776229846,1.3564052972614877,0.9065104366213329,1.5728664374560595,0.25878445207306794,2.0403628250133323
700.0,3.8134929295117215,1.3587083497482542,1.3491084635113573,0.9212117019646194,1.5701331073776252,0.2685572325171349,2.0513664856619918
700.0,4.120371654946828,1.3386868364091575,1.3411823515544183,0.9346196038124114,1.563310395493889,0.2784913066690753,2.05609652989014
700.0,4.451945470648365,1.3173482569850472,1.332928403151183,0.9467575808911535,1.5531778004965442,0.28857680414950104,2.0555018932492737
700.0,4.810201635532377,1.295257270970154,1.3245758923978526,0.9576591855875648,1.5404362810087686,0.298803253153107,2.0504475157199233
700.0,5.1972873268613125,1.2728757755476336,1.3162958160770752,0.9673664467551983,1.52570348967546,0.3091596164912912,2.0417062936535006
700.0,5.615522509164757,1.2505716297155343,1.3082127248312425,0.9759282488609528,1.50951407912886,0.3196343318903898,2.0299579045831373
700.0,6.067413838745715,1.2286299871549302,1.300414577759748,0.9833987772295731,1.4923234810266066,0.3302153562554098,2.0157922365029375
700.0,6.555669687107821,1.2072654504437772,1.2929608144801994,0.9898360675086625,1.4745138630692465,0.3408902135598518,1.9997156484648175
700.0,7.083216373345103,1.186633893818362,1.2858888821370953,0.995300686179645,1.4564012694668529,0.3516460459772372,1.9821587477250446
700.0,7.653215702781789,1.1668432929514079,1.2792194588981083,0.9998545586274327,1.4382432186114964,0.36246966783009693,1.9634847560240976
700.0,8.269083916978364,1.1479632482608884,1.272960598687939,1.0035599523649,1.4202462550988624,0.3733476218981916,1.9439978448613426
700.0,8.934512168679142,1.1300331159429258,1.2671109957137885,1.0064786156916352,1.402573129597175,0.3842662376002314,1.9239510516398328
700.0,9.653488644416246,1.1130687975119784,1.261662538425501,1.0086710663863214,1.3853494131447517,0.39521169054280186,1.9035535564181154
700.0,10.430322467359783,1.0970683114241544,1.256602294574438,1.010196020901904,1.368669448744409,0.40617006291694635,1.8829772155800455
700.0,11.269669523673954,1.082016301370914,1.2519140437633358,1.0111099517855822,1.3526016098148423,0.41712740421703276,1.8623623262031808
700.0,12.176560367167074,1.0678876412965492,1.2475794519893155,1.0114667594709807,1.3371928789668825,0.42806979175819515,1.8418226436901595
700.0,13.156430369479708,1.0546502883187225,1.2435789642364863,1.0113175439625415,1.32247278758672,0.4389833904776334,1.8214497036813087
700.0,14.21515229651331,1.0422675188239114,1.2398924759242362,1.0107104620332275,1.3084567716306155,0.44985451152107087,1.8013165137924478
700.0,15.359071506343481,1.0306996645728081,1.2364998315784488,1.0096906561871588,1.2951490056128103,0.46066966913832536,1.7814806860515346
700.0,16.595043979573383,1.0199054472832318,1.233381189046403,1.0083002426271288,1.2825447778207648,0.4714156354406274,1.7619870804347881
700.0,17.93047741005914,1.0098429932237052,1.2305172795203216,1.0065783466717277,1.2706324673782827,0.4820794926064374,1.7428700259929542
700.0,19.37337560228064,1.000470594449894,1.2278895872093343,1.0045611753765422,1.259395179355632,0.4926486821612379,1.7241551803147632
700.0,20.932386441449754,0.9917472706012437,1.2254804673951702,1.0022821184444388,1.2488120886985312,0.5031110509993765,1.705861081549947
700.0,22.6168537238605,0.983633174554879,1.2232732175636511,0.9997718698009384,1.2388595379791827,0.5134548938616033,1.6880004405732736
700.0,24.436873158122108,0.9760898764981137,1.2212521131084417,0.9970585634216075,1.2295119282841303,0.5236689920295959,1.6705812145115084
700.0,26.40335287291318,0.9690805538760082,1.2194024165819868,0.9941679181043966,1.2207424371966074,0.5337426480476938,1.6536074969951107
700.0,28.5280787939051,0.9625701089402156,1.2177103674816112,0.9911233868683117,1.2125235929397304,0.5436657163312896,1.6370802552367132
700.0,30.8237852816858,0.9565252310331529,1.2161631579946477,0.9879463075270074,1.204827729378414,0.5534286295701777,1.6209979394054987
700.0,33.30423145404577,0.950914417078939,1.2147488988964985,0.984656051734394,1.1976273427398858,0.5630224208827345,1.6053569857426115
700.0,35.9842836500576,0.9457079608421203,1.2134565788292024,0.9812701704359478,1.1908953675827718,0.5724387417225356,1.5901522314045915
700.0,38.88000453019018,0.9408779192090203,1.21227601942975,0.9778045341933642,1.1846053866838364,0.5816698755821897,1.5753772560743664
700.0,42.00874934647167,0.9363980619232035,1.2111978281830147,0.9742734672921032,1.1787317870725844,0.5907087475793379,1.5610246628833913
700.0,45.38926995968774,0.932243809767536,1.2102133504090566,0.9706898749022292,1.1732498723778249,0.5995489300464534,1.5470863090856715
700.0,49.041827227033345,0.9283921650513277,1.2093146214312833,0.9670653628535077,1.1681359399088158,0.6081846442789883,1.5335534951600214
700.0,52.988312433803536,0.9248216373686516,1.2084943196890046,0.9634103498162164,1.1633673294319145,0.6166107586252598,1.5204171195412937
700.0,57.252378496914055,0.9215121668925681,1.2077457213381395,0.9597341718588422,1.1589224493810801,0.6248227831261696,1.5076678049504952
700.0,61.85958172660796,0.9184450469195684,1.20706265671393,0.9560451794912028,1.1547807852208682,0.6328168609332975,1.495296001269157
700.0,66.83753499598538,0.9156028469472632,1.206439468898749,0.9523508274038887,1.1509228938322675,0.640589756750135,1.483292069052002
700.0,72.21607323636401,0.9129693372310687,1.2058709745382015,0.9486577571887301,1.147330387087455,0.648138842553363,1.4716463470654482
700.0,78.02743225035366,0.9105294155025117,1.2053524269729938,0.9449718733757106,1.143985907195991,0.6554620808592299,1.4603492066538095
700.0,84.306441914344,0.9082690363271037,1.2048794816973496,0.9412984131540548,1.1408730959221824,0.662558005804516,1.4493910952499556
700.0,91.09073492834872,0.9061751434211481,1.2044481641128837,0.9376420101630203,1.137976559374653,0.6694257023125146,1.4387625709456517
700.0,98.42097236433055,0.9042356051245534,1.2040548395166002,0.9340067527444519,1.1352818297402796,0.6760647836122167,1.4284543297045655
700.0,106.34108736481039,0.9024391531330381,1.203696185240402,0.9303962370471057,1.1327753250638726,0.6824753673737759,1.4184572265261763
700.0,114.89854845234812,0.9007753245219019,1.203369164845262,0.9268136153642716,1.130444307952301,0.6886580507156916,1.408762291641628
700.0,124.14464402801636,0.8992344070400187,1.2030710042642678,0.9232616400731136,1.1282768438989967,0.6946138843293136,1.3993607426347414
700.0,134.13478976398622,0.8978073876130502,1.2027991697839702,0.9197427035277737,1.1262617597749582,0.7003443459546066,1.3902439932261572
700.0,144.92886073255323,0.8964859039660978,1.2025513477517238,0.9162588742398173,1.1243886029099253,0.7058513134279232,1.3814036593302235
700.0,156.59155026219221,0.8952621992556942,1.2023254258973302,0.9128119296598539,1.1226476010874005,0.7111370375081698,1.3728315628881658
700.0,169.19275767141164,0.894129079587353,1.2021194761595804,0.9094033858538805,1.121029623695905,0.7162041146725157,1.3645197338933863
700.0,182.80800720425967,0.8930798742862972,1.2019317389117912,0.9060345243475374,1.1195261442128437,0.7210554600569632,1.356460410952208
700.0,197.518900678332,0.8921083987843494,1.2017606084847856,0.9027064163914464,1.1181292041440665,0.7256942807009478,1.3486460406634626
700.0,213.41360655819102,0.8912089199843377,1.2016046198906576,0.8994199448813943,1.116831378499275,0.7301240492389042,1.3410692760507434
700.0,230.58738838541277,0.8903761239640057,1.201462436655875,0.8961758241485215,1.115625742849147,0.7343484781656229,1.3337229742401322
700.0,249.143175732365,0.8896050858837702,1.2013328396776415,0.8929746178170131,1.1145058419827185,0.738371494786436,1.3266001935423315
700.0,269.1921811016741,0.8888912419662472,1.2012147170228524,0.889816754910145,1.113465660162124,0.7421972169479422,1.3196941900700652
700.0,290.85456646871785,0.8882303634199508,1.2011070545942841,0.8867025443699494,1.1124995929549824,0.7458299296302698,1.3129984139984265
700.0,314.2601634620048,0.887618532184642,1.2010089275938693,0.8836321881412473,1.11160242061188,0.7492740624678786,1.306506505556632
700.0,339.5492514977853,0.887052118381287,1.2009194927178806,0.8806057929573288,1.110769282946626,0.7525341682526877,1.3002122908237896
700.0,366.873398532569,0.8865277593552672,1.2008379810236653,0.8776233809521231,1.10999565566986,0.7556149024609864,1.2941097773881296
700.0,396.39636947252984,0.8860423402072757,1.2007636914120665,0.8746848992122556,1.1092773281214574,0.7585210038341405,1.2881931499182722
700.0,428.2951076842745,0.8855929757121098,1.2006959846739869,0.8717902283718598,1.1086103823438525,0.7612572760325937,1.282456765686138
700.0,462.76079548956716,0.8851769935312622,1.2006342780535488,0.8689391903434036,1.1079911734363246,0.763828570373105,1.2768951500736287
700.0,500.0,0.8847919186307772,1.2005780402840882,0.8661315552689673,1.107416311129363,0.7662397696505233,1.271502992089097
1000.0,0.05,0.05485928167578403,7.54915678825328e-05,0.017319338138177997,6.462192394771742e-05,0.004206280197315561,3.780548910921292e-05
1000.0,0.05402359111590645,0.05973409096490279,0.00010208009640212542,0.01883346869086144,8.795535399390314e-05,0.004501814651951069,5.149849211095213e-05
1000.0,0.0583709679411729,0.0650419615127862,0.00013802870348653593,0.02047873955068434,0.00011968659869231787,0.00481769970843154,7.014419103087479e-05
1000.0,0.06306818610187218,0.07082131834376154,0.000186629112849138,0.022266256797881016,0.0001628217990335312,0.005155286489845867,9.552962606456462e-05
1000.0,0.06814339796778869,0.07711397715359834,0.0002523282134855741,0.024208015618706235,0.0002214335343214651,0.005516009778469298,0.0001300839141783073
1000.0,0.07362702138120615,0.08396543602672511,0.00034113164365272687,0.026316960942161707,0.00030103342939923495,0.005901392470785578,0.00017710723047401313
1000.0,0.07955192196360762,0.09142518927748373,0.000461147066195369,0.02860704998939755,0.0004090715807062325,0.006313050181478817,0.00024108037422616442
1000.0,0.08595361009292872,0.0995470638954363,0.0006233145357920254,0.03109331626574072,0.0005556039865393273,0.006752695989716614,0.0003280826051233878
1000.0,0.09287045373192858,0.10838957854556346,0.0008423867552591808,0.03379193437358221,0.0007541813808521047,0.00722214531903329,0.0004463545242174076
1000.0,0.10034390838324836,0.1180163242829321,0.0011382419168293326,0.036720284843035154,0.001023028017989919,0.007723320939869018,0.0006070545808319654
1000.0,0.10841876554937169,0.12849636498658845,0.0015376371726130585,0.03989701796230597,0.001386597318559427,0.00825825808131015,0.0008252729534626822
1000.0,0.11714342118661163,0.13990465386171114,0.0020765424289205894,0.043342115336941045,0.0018776128674203112,0.00882910963579287,0.001121385758219135
1000.0,0.12657016576207836,0.1523224600176978,0.0028032325642832717,0.047076947612397786,0.0025397275211733496,0.009438151437461002,0.0015228564053719616
1000.0,0.13675549765206044,0.16583779585627811,0.00378236081390643,0.05112432645391896,0.003430958870678559,0.010087787591495931,0.0020666198432993943
1000.0,0.14776046176014435,0.18054583147171815,0.005100284459915917,0.05550854848827445,0.004628083042981082,0.010780555828049881,0.0028022192476657858
1000.0,0.15965101538455134,0.196549276047961,0.006871960007871077,0.060255428471501615,0.006232185547864891,0.011519132850403943,0.0037959022276471237
1000.0,0.1724984235274858,0.2139586977846074,0.009249756366179647,0.06539231845497855,0.008375569003565068,0.012306339642632348,0.0051359217765557085
1000.0,0.18637968601574698,0.23289274249778988,0.01243452871223399,0.07094810918118778,0.011230190084902269,0.0131451466973819,0.006939319908593682
1000.0,0.2013779989925148,0.25347819586191794,0.01668921487866383,0.07695320935609198,0.015017723366849731,0.014038679119371669,0.009360488446659668
1000.0,0.21758325354622077,0.27584981425679145,0.02235500076575919,0.08343949782761756,0.02002120327038802,0.01499022155489101,0.01260178424732199
1000.0,0.23509257446499263,0.30014982320042655,0.02986966505873539,0.09044024306600867,0.026597947230031234,0.016003222891936234,0.01692639865341794
1000.0,0.254010902345651,0.3265269491814259,0.039786943141255464,0.0979899837163143,0.035193081983066726,0.01708130066970092,0.02267350544839609
1000.0,0.27445162254607774,0.3551348093256652,0.05279452035668936,0.10612436341023043,0.04635245525057316,0.018228245129950884,0.030275388933444985
1000.0,0.2965372447505279,0.38612943327423466,0.06972648381655905,0.11487991252969958,0.06073301210976583,0.019448022836413153,0.040275727108823746
1000.0,0.3204001372207999,0.4196656336974243,0.09156376740125381,0.12429376926712689,0.079107885781178,0.02074477978174065,0.05334742100576322
1000.0,0.3461833201339362,0.4558918791759622,0.1194136459094797,0.13440333220050235,0.10236260180805623,0.02212284389494484,0.07030729363662166
1000.0,0.37404132276125424,0.4949432629701374,0.15445750468073371,0.14524583678506198,0.13147812322938526,0.02358672685549551,0.09212367096229512
1000.0,0.40414110962613575,0.5369321171703016,0.19785643159316077,0.1568578487599216,0.1674962801922092,0.0251411251136637,0.11991146477806867
1000.0,0.4366630811914216,0.5819358171085667,0.2506087078973337,0.16927466859400836,0.21146382255088025,0.026790920010239985,0.15490824791015817
1000.0,0.4718021550739443,0.6299813917031081,0.3133639099001084,0.18252964287325465,0.26435330227774345,0.02854117688262327,0.19842450875307552
1000.0,0.509768934266365,0.6810267524632497,0.3862152623492283,0.1966533810816931,0.3269624747250216,0.030397143038589137,0.25176253783532543
1000.0,0.5507909693679497,0.7349387412226253,0.46851158976393964,0.21167287966036508,0.39979878133947,0.03236424447397559,0.3161019786430801
1000.0,0.5951141223893575,0.7914688413949812,0.5587444834182071,0.22761055961686022,0.48296105849848925,0.034448081206250085,0.3923563602960274
1000.0,0.6430040403052831,0.850228345316509,0.6545643938913873,0.24448322933018127,0.5760356005036402,0.0366544210926437,0.4810134784419759
1000.0,0.6947477471865686,0.9106660008231385,0.7529541840156583,0.26230099049940203,0.6780263561135954,0.038989191999476244,0.5819816197631827
1000.0,0.7506553644540866,0.972052524343524,0.8505441245138778,0.28106611226622263,0.787337713110812,0.04145847218867975,0.6944704191355346
1000.0,0.8110619695645859,1.0334775229939794,0.9440052936043937,0.30077190611914784,0.9018221893028119,0.04406847878860667,0.8169361857460391
1000.0,0.8763296042683791,1.0938647579819911,1.0304310331267754,0.3214016418319208,1.0188949996330208,0.046825554219237314,0.9471143860733393
1000.0,0.94684944447518,1.1520106270453156,1.1076221661072183,0.3429275518187473,1.1357050923495278,0.049736150447141386,1.0821467509839786
1000.0,1.0230441447330059,1.2066477060614655,1.1742270910171007,0.36530997717979335,1.2493410695479799,0.052806810953264345,1.2187906526024712
1000.0,1.1053703713715621,1.2565301817097598,1.2297342644187463,0.38849671253365387,1.3570435867748227,0.05604415030705554,1.3536799321995205
1000.0,1.1943215394922988,1.300531966175926,1.274351669778596,0.41242260762182853,1.456395252842575,0.05945483125387775,1.4835953157912651
1000.0,1.290430770209037,1.337743090564549,1.3088245844938966,0.4370094808141782,1.5454646443157254,0.06304553923925629,1.6057023899220828
1000.0,1.3942740858631448,1.3675478445837306,1.3342401554654237,0.4621663924126314,1.6228908870010297,0.06682295431353333,1.7177252103348999
1000.0,1.506473862363495,1.389670525889159,1.3518530505277928,0.48779031372227766,1.6879064233335865,0.07079372038403442,1.818039856901055
1000.0,1.6277025593425158,1.4041813024829508,1.3629496306074247,0.5137672113483611,1.7403052778339574,0.07496441180902819,1.9056891193780923
1000.0,1.75868675048469,1.4114634362431322,1.3687544448041287,0.5399735457241139,1.7803705193410133,0.07934149735859466,1.9803324499662949
1000.0,1.9002114781829416,1.4121509422300036,1.3703744174261512,0.5662781596746491,1.8087771483522554,0.0839313016019674,2.0421521428502047
1000.0,2.0531249586221487,1.4070502441384207,1.368772385040325,0.592544508581104,1.8264858440441556,0.08873996381884026,2.0917375879792575
1000.0,2.2183436654893054,1.397059737300452,1.3647611472572163,0.6186331605003885,1.834640024137207,0.09377339457330093,2.1299661209380396
1000.0,2.3968578227791077,1.3830982417620636,1.3590104018936742,0.6444044746388651,1.8344747415731057,0.09903723013311912,2.1578936256156696
1000.0,2.5897373396156045,1.3660488421308448,1.3520607451086082,0.6697213519600973,1.82724206570639,0.10453678496361345,2.176662464213209
1000.0,2.7981382226597757,1.3467202246878123,1.3443406967762617,0.6944519440898442,1.8141543915519784,0.11027700257366681,2.1874296390469854
1000.0,3.0233095045352174,1.3258243568225032,1.3361841792221918,0.7184722070505003,1.7963448419824137,0.11626240504092605,2.1913147872404073
1000.0,3.2666007297968864,1.3039675103286166,1.327846965004279,0.7416681948547923,1.7748425614747187,0.12249704159298733,2.1893656525699936
1000.0,3.52947004330937,1.2816510110148716,1.3195213530217356,0.7639380038740889,1.7505600836710038,0.12898443667045353,2.182537801565988
1000.0,3.8134929295117215,1.259278296343412,1.3113488056124116,0.785193300640004,1.7242898737190786,0.13572753794510614,2.1716852155306823
1000.0,4.120371654946828,1.2371654786056236,1.3034305584633978,0.8053603912314793,1.696707395147218,0.14272866481087787,2.1575586902388295
1000.0,4.451945470648365,1.2155533468847923,1.2958363638157353,0.8243808172492618,1.6683784656303051,0.14998945790563267,2.1408094787891696
1000.0,4.810201635532377,1.194619422258169,1.2886115934463493,0.8422114892210494,1.639769130954091,0.15751083025665538,2.1219961673295518
1000.0,5.1972873268613125,1.1744892300997578,1.2817829446998357,0.8588243910641996,1.6112567304122947,0.16529292067095083,2.101593290465843
1000.0,5.615522509164757,1.1552463555560213,1.2753629825216406,0.8742059074358182,1.5831412124905393,0.17333505001167118,2.080000631989522
1000.0,6.067413838745715,1.1369411196985595,1.2693537269169368,0.8883558385377099,1.5556560731003244,0.18163568101304114,2.0575525054857255
1000.0,6.555669687107821,1.119597882648301,1.2637494668403588,0.9012861739787377,1.5289785302235899,0.1901923822869253,2.034526573154453
1000.0,7.083216373345103,1.1032210747992277,1.2585389528835582,0.9130196989614094,1.5032387265728255,0.19900179716376162,2.011151952088751
1000.0,7.653215702781789,1.0878001024003663,1.2537070946676423,0.9235885031161424,1.478527876784938,0.20805961798821745,1.9876164898074946
1000.0,8.269083916978364,1.0733132876370686,1.2492362655999805,0.9330324557855612,1.4549053591298073,0.21736056645511634,1.9640731788676147
1000.0,8.934512168679142,1.0597309990350667,1.2451072978775213,0.9413977025968838,1.4324048040376978,0.2268983805237287,1.9406457357469515
1000.0,9.653488644416246,1.0470181141889852,1.2413002341580603,0.9487352278543361,1.411039261574163,0.2366658083885089,1.9174334014228807
1000.0,10.430322467359783,1.0351359389732495,1.237794888830393,0.955099516603465,1.3908055441755054,0.24665460991222327,1.8945150374760371
1000.0,11.269669523673954,1.0240436887803588,1.2345712608803876,0.9605473399395092,1.3716878447220517,0.2568555658439552,1.8719525975184188
1000.0,12.176560367167074,1.0136996197305632,1.2316098315600617,0.9651366778105753,1.353660727205086,0.2672584950508024,1.849794053146086
1000.0,13.156430369479708,1.0040618820621854,1.2288917730426347,0.9689257855513327,1.336691580562576,0.27785227988970584,1.8280758491398073
1000.0,14.21515229651331,0.9950891543416392,1.22639908865842,0.971972403838741,1.3207426175943273,0.2886248997365367,1.8068249561024048
1000.0,15.359071506343481,0.9867411057121218,1.2241147008754238,0.97433310670584,1.3057724914636033,0.29956347257540733,1.7860605813218076
1000.0,16.595043979573383,0.9789787239551295,1.2220224996836324,0.9760627785943249,1.2917375929383204,0.3106543044344705,1.7657955911342056
1000.0,17.93047741005914,0.9717645394263464,1.2201073612747995,0.9772142090143549,1.2785930826907472,0.32188294633767195,1.7460376908795014
1000.0,19.37337560228064,0.9650627686883876,1.218355144727958,0.9778377920174377,1.2662937049120797,0.33323425832761716,1.726790401934773
1000.0,20.932386441449754,0.9588393966514728,1.2167526726928568,0.977981317170962,1.2547944213157398,0.3446924800054792,1.708053869391621
1000.0,22.6168537238605,0.953062212029253,1.2152877007120375,0.9776898388537665,1.2440508983176226,0.35624130693221484,1.689825528737395
1000.0,24.436873158122108,0.9477008077311959,1.2139488787600217,0.9770056112925857,1.2340198747548827,0.3678639721436893,1.6721006553857751
1000.0,26.40335287291318,0.9427265552859362,1.2127257077441425,0.9759680776758709,1.2246594328689961,0.37954333195273965,1.6548728170284075
1000.0,28.5280787939051,0.9381125603904638,1.2116084930575437,0.9746139027882366,1.215929191351516,0.39126195514565587,1.6381342454827388
1000.0,30.8237852816858,0.9338336051009053,1.2105882967627615,0.9729770398063763,1.2077904359461666,0.40300221463049446,1.6218761419237107
1000.0,33.30423145404577,0.9298660809355661,1.2096568895840216,0.9710888231108333,1.2002062003351799,0.4147463805611863,1.606088927042153
1000.0,35.9842836500576,0.9261879161805467,1.2088067035742154,0.9689780801439597,1.1931413077335897,0.4264767139452374,1.5907624457081138
1000.0,38.88000453019018,0.9227784999173743,1.2080307860797912,0.9666712564467059,1.1865623817027229,0.43817555974414313,1.5758861340768404
1000.0,42.00874934647167,0.9196186046867562,1.2073227554387616,0.964192549013609,1.1804378331117467,0.44982543849422213,1.5614491557086883
1000.0,45.38926995968774,0.9166903092279419,1.206676758702038,0.9615640440053537,1.174737828870541,0.4614091355107182,1.5474405121385493
1000.0,49.041827227033345,0.913976922361721,1.2060874315571979,0.9588058556482881,1.1694342469823624,0.4729097867886317,1.533849132388038
1000.0,52.988312433803536,0.9114629087949854,1.2055498605492967,0.9559362638327829,1.1645006215819442,0.4843109607783647,1.5206639451328319
1000.0,57.252378496914055,0.9091338173988617,1.2050595476297319,0.9529718485033498,1.159912080900882,0.4955967352910958,1.5078739365911438
1000.0,61.85958172660796,0.9069762123370765,1.2046123770169246,0.9499276194214437,1.1556452805098858,0.5067517688758446,1.495468196664756
1000.0,66.83753499598538,0.9049776072857295,1.2042045843181233,0.9468171402863317,1.1516783337036853,0.5177613661052172,1.4834359554221357
1000.0,72.21607323636401,0.9031264028815761,1.203832727837125,0.9436526465302677,1.1479907404999465,0.5286115363075563,1.471766611648125
1000.0,78.02743225035366,0.9014118274565293,1.2034936619759151,0.940445156371165,1.1445633164025963,0.5392890453873146,1.460449754883223
1000.0,84.306441914344,0.8998238810561613,1.2031845126273915,0.9372045749181956,1.1413781218193542,0.549781460480627,1.4494751821265657
1000.0,91.09073492834872,0.898353282695292,1.2029026544500514,0.9339397912917131,1.1384183928121512,0.5600771872971145,1.4388329101712303
1000.0,98.42097236433055,0.8969914207710151,1.2026456899127025,0.9306587688461557,1.1356684736886067,0.5701655000998683,1.4285131843709031
1000.0,106.34108736481039,0.8957303065301517,1.2024114299970283,0.9273686286798516,1.1331137518053724,0.5800365643715101,1.418506484496947
1000.0,114.89854845234812,0.8945625304720182,1.2021978764475463,0.9240757266846963,1.1307405948440394,0.5896814523036785,1.408803528229348
1000.0,124.14464402801636,0.8934812215569657,1.2020032054615544,0.9207857244365443,1.1285362907322627,0.5990921513288948,1.3993952727296677
1000.0,134.13478976398622,0.8924800090850951,1.2018257527157443,0.9175036542580418,1.1264889903129245,0.608261565986534,1.3902729146653576
1000.0,144.92886073255323,0.89155298710682,1.2016639996308465,0.9142339788031312,1.1245876528090222,0.617183513477833,1.381427888989813
1000.0,156.59155026219221,0.8906946812267952,1.20151656078079,0.9109806455194963,1.122821994088806,0.6258527133180463,1.3728518667288583
1000.0,169.19275767141164,0.889900017664456,1.201382172358203,0.9077471363442895,1.1211824377023774,0.6342647715368476,1.364536751980042
1000.0,182.80800720425967,0.8891642944375668,1.201259681613451,0.9045365129815321,1.1196600686354228,0.6424161599109229,1.3564746782945076
1000.0,197.518900678332,0.8884831545393385,1.201148037189801,0.901351458098264,1.1182465897067342,0.6503041907357062,1.348658004580982
1000.0,213.41360655819102,0.8878525609845515,1.2010462802825406,0.8981943127621286,1.1169342805221762,0.6579269876568361,1.341079310646462
1000.0,230.58738838541277,0.8872687736054578,1.200953536554948,0.8950671104266288,1.1157159588880456,0.6652834530867964,1.3337313924675156
1000.0,249.143175732365,0.8867283274838661,1.2008690087489025,0.8919716077526262,1.1145849445802118,0.6723732327291054,1.3266072572691194
1000.0,269.1921811016741,0.8862280129115657,1.2007919699325316,0.8889093125363752,1.113535025361651,0.6791966777221553,1.319700118473843
1000.0,290.85456646871785,0.8857648567770494,1.2007217573317037,0.8858815089959838,1.112560425139185,0.685754804898324,1.3130033905725798
1000.0,314.2601634620048,0.8853361052822167,1.2006577666962666,0.8828892806500502,1.1116557741501432,0.6920492556321541,1.3065106839584057
1000.0,339.5492514977853,0.8849392078983692,1.2005994471558352,0.87993353100456,1.110816081070772,0.6980822537252205,1.30021579975724
1000.0,366.873398532569,0.8845718024762528,1.200546296523514,0.8770150022471891,1.1100367069403676,0.7038565627456234,1.2941127246823994
1000.0,396.39636947252984,0.8842317014301787,1.2004978570093217,0.8741342921320183,1.1093133407979223,0.7093754432078082,1.2881956259347698
1000.0,428.2951076842745,0.8839168789212818,1.200453711308203,0.8712918692224326,1.1086419769314615,0.7146426099443617,1.2824588461658408
1000.0,462.76079548956716,0.8836254589698063,1.2004134790304035,0.8684880866456977,1.1080188936439976,0.7196621899863754,1.276896898517171
1000.0,500.0,0.8833557044308751,1.2003768134446724,0.8657231944993652,1.1074406334440352,0.7244386812335573,1.2715044617468478
1500.0,0.05,0.0856889726363832,0.000366587662666494,0.012300714264070709,0.00033358500140685365,0.0020756902221372646,0.00020523296694535025
1500.0,0.05402359111590645,0.0933017232384662,0.0004955466322735729,0.013378409986587977,0.00045344242880421937,0.002224501115830956,0.00027936189738019196
1500.0,0.0583709679411729,0.10159012424362744,0.0006697898451382775,0.01454992349120452,0.0006160856401185381,0.002383918560334697,0.00038017335862994386
1500.0,0.06306818610187218,0.11061386979547533,0.0009051597082741309,0.015823298477418774,0.0008366228997217188,0.0025546900327424998,0.0005172136084069991
1500.0,0.06814339796778869,0.12043782033074407,0.0012229979910689014,0.01720724301503237,0.0011354002888798518,0.002737614525954472,0.0007034079241690163
1500.0,0.07362702138120615,0.1311324072555969,0.0016520238057074579,0.018711179237409226,0.001539760784610752,0.0029335459411321094,0.0009562339585511034
1500.0,0.07955192196360762,0.14277405250285577,0.002230830683979742,0.020345295671459273,0.0020863611042308116,0.0031433966820050914,0.001299288431425179
1500.0,0.08595361009292872,0.1554455962918685,0.0030111909915590557,0.02212060210245888,0.0028242040620416985,0.0033681414600447023,0.0017643702635086504
1500.0,0.09287045373192858,0.16923672287177113,0.004062401788139023,0.024048986801686854,0.0038185776590422445,0.003608821319476525,0.0023942363380534365
1500.0,0.10034390838324836,0.18424436913763179,0.00547695481383128,0.026143275858329793,0.005156125904158289,0.003866547890978001,0.0032462245783582
1500.0,0.10841876554937169,0.20057309431319598,0.00737785724030171,0.028417294251366187,0.006951305310742225,0.004142507882679486,0.004396981410846253
1500.0,0.11714342118661163,0.21833537981018464,0.009927954809861625,0.03088592816902904,0.009354496334705777,0.004437967816744439,0.005948573196157704
1500.0,0.12657016576207836,0.23765181616712927,0.013341589389260118,0.03356518792951763,0.012562026780919867,0.004754279019326281,0.008036296504708348
1500.0,0.13675549765206044,0.25865111773895205,0.01789881635784013,0.03647227067315966,0.01682830369478212,0.0050928828710658895,0.010838517323902386
1500.0,0.14776046176014435,0.28146988448803295,0.023962148120592823,0.03962562177930017,0.022480112671472405,0.005455316324481368,0.014588843608162006
1500.0,0.15965101538455134,0.3062520026359846,0.03199528518655902,0.04304499370682755,0.029932891739314,0.005843217693585498,0.019590837613847892
1500.0,0.1724984235274858,0.33314754088909904,0.04258242738691101,0.04675150066156203,0.03970837787965316,0.0062583327198179085,0.026235260043084234
1500.0,0.18637968601574698,0.3623109555090673,0.05644540202283043,0.050767667153222305,0.05245241560463045,0.006702520916868124,0.03501945021081052
1500.0,0.2013779989925148,0.39389836542038476,0.07445393099897407,0.05511746811658249,0.06895088160734754,0.007177762195158506,0.04656782040923846
1500.0,0.21758325354622077,0.4280635990556732,0.09762197530585909,0.05982635783418969,0.09014062884497889,0.007686163764616974,0.06165151971965913
1500.0,0.23509257446499263,0.464952651684996,0.12708067238280737,0.06492128441194711,0.11711117166156704,0.00822996731185847,0.08120407878140196
1500.0,0.254010902345651,0.5046961340797897,0.16401690311487896,0.07043068602698113,0.1510917173695492,0.008811556444970463,0.10632834056184966
1500.0,0.27445162254607774,0.5473992562051271,0.20956765176994396,0.07638446459619219,0.1934174415673359,0.009433464395715713,0.1382884179784377
1500.0,0.2965372447505279,0.5931288992108855,0.2646661694764585,0.08281393191535445,0.24546909543273807,0.010098381965079109,0.17847921741864786
1500.0,0.3204001372207999,0.6418974247388334,0.3298481793339051,0.08975172271054985,0.3085817014014006,0.010809165693644615,0.22836589832836987
1500.0,0.3461833201339362,0.6936431068588585,0.4050444481351339,0.0972316684520622,0.38392174575606575,0.011568846233242426,0.2893873648048273
1500.0,0.37404132276125424,0.7482075148977988,0.48940536592348516,0.1052886252413002,0.47233808555693874,0.012380636890604002,0.36282233206082265
1500.0,0.40414110962613575,0.8053108899217774,0.5812145510050672,0.11395824864104312,0.5741992763880157,0.013247942307350147,0.44962403964773767
1500.0,0.4366630811914216,0.8645275784466722,0.6779413745679769,0.12327670803853698,0.6892378343868086,0.01417436723346449,0.5502396309791905
1500.0,0.4718021550739443,0.9252648692897927,0.7764516234829693,0.1332803330841045,0.8164278616249754,0.015163725343420803,0.664440465040695
1500.0,0.509768934266365,0.9867499331092074,0.8733484424076576,0.14400518502380208,0.9539239129598265,0.01622004803529266,0.7911966924593017
1500.0,0.5507909693679497,1.0480305944760522,0.9653714511714142,0.15548654644545912,1.0990839464582969,0.01734759314343608,0.9286294425374243
1500.0,0.5951141223893575,1.1079957735017956,1.0497619401939622,0.1677583241957214,1.248587292943938,0.01855085348466912,1.0740644186658796
1500.0,0.6430040403052831,1.1654199417906523,1.1245161616795494,0.18085236211874858,1.3986417479922433,0.019834565146251926,1.2241922366310372
1500.0,0.6947477471865686,1.2190323983707545,1.188488742928932,0.19479766292799255,1.5452562033874273,0.021203715411390857,1.3753179560645046
1500.0,0.7506553644540866,1.2676067921542857,1.2413540529768767,0.20961952204687492,1.6845416458849065,0.022663550204455866,1.5236620120065782
1500.0,0.8110619695645859,1.3100602803242316,1.283466108582272,0.2253385807038402,1.8129978476584003,0.024219580923643836,1.6656638710346832
1500.0,0.8763296042683791,1.3455470562845793,1.3156692014202909,0.24196981094854395,1.9277471129253756,0.02587759051349528,1.7982415579701194
1500.0,0.94684944447518,1.373529852501667,1.3391050358549081,0.2595214514958101,2.0266884515243717,0.027643638613564742,1.918973302183524
1500.0,1.0230441447330059,1.3938165344491162,1.3550465816172232,0.2779939202251193,2.1085616871511705,0.029524065602778714,2.0261867441652592
1500.0,1.1053703713715621,1.4065562948764216,1.3647724084529955,0.29737873646156393,2.172926775014748,0.031525495341753515,2.1189600711456174
1500.0,1.1943215394922988,1.4121987596125305,1.3694828071368692,0.3176574933931531,2.2200754255036608,0.03365483639780223,2.197053226915476
1500.0,1.290430770209037,1.4114265144203837,1.370251800245254,0.33880092754845237,2.2508982750596065,0.03591928151980319,2.260793906076245
1500.0,1.3942740858631448,1.405075063980104,1.3680063520618526,0.36076813744997416,2.266731466141046,0.03832630511286132,2.310943007320925
1500.0,1.506473862363495,1.3940536754959398,1.363524124208404,0.3835060065694726,2.2692030362332862,0.04088365844616345,2.3485597609577185
1500.0,1.6277025593425158,1.379277090888827,1.357442555781408,0.4069488857233866,2.2600938911969415,0.04359936231208054,2.374880364545012
1500.0,1.75868675048469,1.3616134972284692,1.3502738914746308,0.43101858632464446,2.241222085364167,0.046481696840947474,2.3912176413893054
1500.0,1.9002114781829416,1.3418499623616857,1.342422501830896,0.4556247279159836,2.2143538429804153,0.04953918816468305,2.398884133769803
1500.0,2.0531249586221487,1.320673612923408,1.334202217658288,0.4806654709401074,2.181140820901718,0.05278059161420491,2.3991375570806737
1500.0,2.2183436654893054,1.298665310976439,1.3258524005559886,0.5060286489802659,2.143080633223524,0.05621487113123577,2.393145571901838
1500.0,2.3968578227791077,1.2763022011976968,1.3175521434144106,0.5315932944682626,2.1014964370713574,0.05985117457544898,2.381966036232702
1500.0,2.5897373396156045,1.2539658326824203,1.3094324151926537,0.5572315293648997,2.057531088373431,0.06369880461389273,2.3665388857351854
1500.0,2.7981382226597757,1.2319532260700137,1.30158620708664,0.5828107692850193,2.0121516808707725,0.06776718489224448,2.3476862144186184
1500.0,3.0233095045352174,1.2104889910529888,1.2940768623626562,0.6081961679833112,1.966160899979023,0.07206582120769305,2.3261177414629626
1500.0,3.2666007297968864,1.1897372531952337,1.2869448238269203,0.6332532111335764,1.9202123521878975,0.07660425743215106,2.302439491814454
1500.0,3.52947004330937,1.1698126630361638,1.2802130415678614,0.657850355827134,1.8748277417332964,0.08139202597306026,2.2771641007651926
1500.0,3.8134929295117215,1.1507901292598741,1.273891269118633,0.6818616066275395,1.8304143899807253,0.08643859260820587,2.250721637734242
1500.0,4.120371654946828,1.1327131619321524,1.2679794509010203,0.7051689211064327,1.7872821016145557,0.09175329559152605,2.223470224235194
1500.0,4.451945470648365,1.1156008604560912,1.2624703750199802,0.7276643474929957,1.7456587735001432,0.0973452789995562,2.195706004189934
1500.0,4.810201635532377,1.0994536618748916,1.2573517372054213,0.7492518135175046,1.705704429058446,0.10322342037331901,2.1676722269593496
1500.0,5.1972873268613125,1.0842580013617753,1.2526077359476628,0.7698485071305873,1.667523561089456,0.1093962528083197,2.1395673418273846
1500.0,5.615522509164757,1.0699900452716322,1.248220296450575,0.789385814458851,1.631175798062839,0.11587188175561942,2.111552092965085
1500.0,6.067413838745715,1.0566186498912586,1.2441700020647557,0.8078098058346892,1.596684990150862,0.12265789691911967,2.0837556593553033
1500.0,6.555669687107821,1.0441076838432795,1.240436796146961,0.8250812848232624,1.5640468561135326,0.12976127976706653,2.056280915241743
1500.0,7.083216373345103,1.0324178338419423,1.2370005044501817,0.8411754360188743,1.533235351949722,0.13718830731772075,2.02920890129541
1500.0,7.653215702781789,1.0215079950081043,1.2338412177631963,0.8560811236779163,1.5042079256155567,0.14494445300786524,2.0026026006506394
1500.0,8.269083916978364,1.0113363297435345,1.2309395661827027,0.8697999042879139,1.476909815355806,0.153034285605443,1.9765101113493968
1500.0,8.934512168679142,1.0018610639344334,1.2282769097478345,0.8823448218335123,1.451277536705632,0.16146136728062374,1.9509673003672106
1500.0,9.653488644416246,0.9930410762064751,1.2258354648784702,0.8937390552147233,1.4272416879904133,0.17022815209883047,1.926000016160676
1500.0,10.430322467359783,0.9848363250247242,1.2235983818681144,0.904014483780805,1.4047291881280048,0.1793358863400258,1.9016259277902212
1500.0,11.269669523673954,0.9772081494237981,1.2215497853689772,0.9132102302654751,1.383665044924623,0.1887845121756931,1.8778560498820664
1500.0,12.176560367167074,0.9701194718161362,1.2196747871921378,0.9213712316177955,1.3639737375414431,0.19857257634292305,1.8546960044328171
1500.0,13.156430369479708,0.9635349254017523,1.2179594786847656,0.9285468783385283,1.3455802837377917,0.2086971455381694,1.8321470629519376
1500.0,14.21515229651331,0.9574209239508412,1.2163909083238833,0.9347897528359274,1.3284110509887617,0.21915373030590068,1.8102070057696995
1500.0,15.359071506343481,0.951745687938091,1.214957048890057,0.9401544877017292,1.3123943606131112,0.22993621921421234,1.7888708295162978
1500.0,16.595043979573383,0.9464792379923713,1.2136467575816692,0.9446967561676753,1.2974609255343923,0.24103682508564975,1.7681313287583642
1500.0,17.93047741005914,0.9415933642353518,1.2124497316434117,0.9484723996315783,1.283544155097284,0.2524460449830738,1.7479795734933545
1500.0,19.37337560228064,0.9370615781923152,1.211356461465637,0.9515366911692125,1.2705803543188918,0.2641526355345207,1.7284053005705349
1500.0,20.932386441449754,0.9328590524662094,1.2103581826282344,0.953943729372374,1.2585088399180095,0.2761436050162311,1.7093972340480108
1500.0,22.6168537238605,0.9289625521898042,1.209446827985435,0.9557459535786016,1.247271991289247,0.28840422339951993,1.6909433469303408
1500.0,24.436873158122108,0.925350361345037,1.2086149805938513,0.9569937694296049,1.2368152511418586,0.30091805130691973,1.6730310745890287
1500.0,26.40335287291318,0.9220022063108795,1.2078558280576193,0.957735272528752,1.2270870876884528,0.3136669885199749,1.6556474883842582
1500.0,28.5280787939051,0.9188991784298042,1.2071631186877023,0.9580160575710799,1.2180389279453387,0.3266313423410364,1.6387794365244
1500.0,30.8237852816858,0.9160236569351901,1.20653111973627,0.9578791005089434,1.2096250698070736,0.3397899157421342,1.6224136579712125
1500.0,33.30423145404577,0.9133592332317647,1.2059545778628984,0.9573647019279283,1.2018025790094355,0.3531201148448805,1.606536874181696
1500.0,35.9842836500576,0.9108906372478133,1.2054286819103235,0.9565104807003603,1.194531175835551,0.36659807487719703,1.5911358626367484
1500.0,38.88000453019018,0.908603666365151,1.2049490280081205,0.9553514080426107,1.1877731153976938,0.38019880335725204,1.5761975154122976
1500.0,42.00874934647167,0.9064851172679079,1.204511586978827,0.9539198732372184,1.1814930644994326,0.3938963388747258,1.5617088854754797
1500.0,45.38926995968774,0.9045227209238809,1.204112673989131,0.9522457734240594,1.1756579774138893,0.4076639234867511,1.547657222915643
1500.0,49.041827227033345,0.902705080814577,1.2037489203662957,0.9503566209681036,1.1702369723746244,0.4214741864324773,1.5340300029302412
1500.0,52.988312433803536,0.9010216144557613,1.203417247484747,0.9482776629427242,1.16520121014209,0.4352993366069409,1.5208149470644168
1500.0,57.252378496914055,0.8994624981943633,1.203114842618122,0.9460320082075727,1.1605237756610198,0.4491113610309701,1.508000038938397
1500.0,61.85958172660796,0.8980186152260458,1.2028391366467033,0.9436407583992202,1.1561795635463674,0.46288222641633353,1.4955735354787214
1500.0,66.83753499598538,0.8966815067474405,1.2025877835080403,0.9411231398886483,1.152145167914415,0.476584080859003,1.483523974489676
1500.0,72.21607323636401,0.8954433261356021,1.2023586412788454,0.9384966343949079,1.1483987769005488,0.490189452700333,1.4718401792532976
1500.0,78.02743225035366,0.8942967960326156,1.2021497547783122,0.9357771064848281,1.1449200720673625,0.5036714436755722,1.460511260724372
1500.0,84.306441914344,0.8932351682040224,1.2019593395863724,0.9329789266425007,1.141690132798865,0.5170039136181072,1.4495266177864181
1500.0,91.09073492834872,0.8922521860345337,1.2017857673746166,0.9301150889683941,1.1386913456930425,0.5301616542004526,1.4388759359518555
1500.0,98.42097236433055,0.8913420495224738,1.201627552452453,0.927197322875603,1.1359073189009266,0.5431205494612751,1.428549184821382
1500.0,106.34108736481039,0.8904993826347215,1.2014833394362432,0.9242361983990015,1.1333228013119703,0.5558577211819485,1.4185366145613698
1500.0,114.89854845234812,0.8897192028860433,1.2013518919545192,0.9212412249304919,1.1309236064497483,0.5683516575252989,1.4088287516117692
1500.0,124.14464402801636,0.8889968930101224,1.2012320823077773,0.9182209433479492,1.1286965409162326,0.5805823237215131,1.399416393798849
1500.0,134.13478976398622,0.8883281745939625,1.201122882006695,0.915183011623918,1.1266293372051066,0.5925312539696928,1.3902906049956039
1500.0,144.92886073255323,0.8877090835523347,1.2010233531178343,0.9121342840888066,1.1247105906931867,0.6041816241065133,1.3814427094467474
1500.0,156.59155026219221,0.8871359473243671,1.2009326403509066,0.9090808845876613,1.1229297006124932,0.61551830496499,1.3728642858537956
1500.0,169.19275767141164,0.8866053636800487,1.2008499638265189,0.9060282738142065,1.1212768148029981,0.6265278966966471,1.3645471612981432
1500.0,182.80800720425967,0.8861141810301896,1.2007746124678687,0.9029813111346555,1.1197427780464593,0.6371987446511396,1.3564834050654646
1500.0,197.518900678332,0.885659480139167,1.2007059379641984,0.8999443112301185,1.118319083784535,0.6475209376919249,1.3486653224228307
1500.0,213.41360655819102,0.8852385571454995,1.2006433492578676,0.8969210958930333,1.1169978290288114,0.6574862900700797,1.3410854483900425
1500.0,230.58738838541277,0.8848489078008754,1.2005863075107153,0.8939150413121733,1.115771672276159,0.6670883081777282,1.3337365415385356
1500.0,249.143175732365,0.884488212843668,1.2005343215089421,0.8909291211743162,1.1146337942494606,0.6763221436565056,1.3266115778445435
1500.0,269.1921811016741,0.8841543244281888,1.2004869434690304,0.8879659459000847,1.113577861291074,0.685184534445249,1.3197037446176583
1500.0,290.85456646871785,0.8838452535359145,1.2004437652103075,0.8850277983180223,1.1125979912440411,0.6936737354164465,1.31300643452143
1500.0,314.2601634620048,0.8835591582996888,1.2004044146625856,0.8821166660655846,1.1116887216639564,0.7017894402756572,1.3065132396988697
1500.0,339.5492514977853,0.8832943331764104,1.2003685526799484,0.8792342709891877,1.1108449802123423,0.7095326963860218,1.300217946012706
1500.0,366.873398532569,0.8830491989080146,1.2003358701341726,0.8763820957983343,1.1100620570903172,0.71690581413547,1.2941145274077055
1500.0,396.39636947252984,0.8828222932145825,1.2003060852635146,0.8735614082116069,1.1093355793790978,0.723912272392248,1.2881971404003176
1500.0,428.2951076842745,0.8826122621672338,1.2002789412546484,0.870773282815274,1.1086614871614788,0.7305566214999515,1.2824601186992275
1500.0,462.76079548956716,0.8824178521920361,1.2002542040374273,0.8680186208387168,1.108036011305814,0.7368443851514077,1.276897967959031
1500.0,500.0,0.8822379026595276,1.2002316602738945,0.8652981680349393,1.1074556528010782,0.7427819623563575,1.2715053606681255
2000.0,0.05,0.11757174926895878,0.0011231506776755989,0.010727054041021152,0.0007981482730922702,0.0014000613638006482,0.0006429148338464661
2000.0,0.05402359111590645,0.1280123961800257,0.0015172686222550819,0.011667495126996129,0.0010836672325165227,0.0015009022375132243,0.0008742158883324497
2000.0,0.0583709679411729,0.139377835817293,0.002049066215421088,0.012689932928103395,0.0014703666090347418,0.0016089933053901441,0.0011881990674618946
2000.0,0.06306818610187218,0.15174904803708392,0.0027661943260459806,0.013801423904720023,0.0019935392857835118,0.0017248538747333877,0.0016140875870653702
2000.0,0.06814339796778869,0.1652137371840169,0.0037324771279875477,0.015009612774588376,0.0027004602101708018,0.001849040153442068,0.0021912266274219682
2000.0,0.07362702138120615,0.17986674743851927,0.0050331758291581015,0.016322777656446713,0.0036542641937708804,0.001982147827687074,0.002972461654263472
2000.0,0.07955192196360762,0.19581044620948038,0.006781806982095225,0.017749877868132476,0.004938969500546915,0.0021248148129932062,0.004028566001940555
2000.0,0.08595361009292872,0.21315504753535053,0.009128863077971386,0.019300604356910243,0.006665923230132253,0.0022777241893915104,0.005453995659260528
2000.0,0.09287045373192858,0.23201883621823532,0.01227277960881208,0.020985432690173667,0.0089819744215676,0.0024416073318055376,0.007374293002389873
2000.0,0.10034390838324836,0.2525282384243647,0.016473416337864807,0.022815678472475377,0.012079689911938446,0.0026172472473345192,0.00995549174461774
2000.0,0.10841876554937169,0.27481766472053953,0.02206811277601322,0.02480355497773184,0.016209897345649486,0.002805482131588087,0.013415875083280963
2000.0,0.11714342118661163,0.29902902582307656,0.029489953658652333,0.026962232690807064,0.02169674176719126,0.0030072091567051335,0.018040380423105146
2000.0,0.12657016576207836,0.32531078851200856,0.03928712732260984,0.029305900337555445,0.02895523942225723,0.0032233885041456495,0.0241977868789374
2000.0,0.13675549765206044,0.35381639816453603,0.05214105296771671,0.0318498268435488,0.038510957744209824,0.0034550476557699975,0.03236051137366407
2000.0,0.14776046176014435,0.38470184468473495,0.06887919692817579,0.03461042349558547,0.05102089173636649,0.0037032859571040767,0.04312630843179111
2000.0,0.15965101538455134,0.4181220909603832,0.09047622220442722,0.03760530538291769,0.06729379717512105,0.003969279467018875,0.05724034730789286
2000.0,0.1724984235274858,0.454226020379011,0.1180346318236891,0.040853350963032865,0.0883071590825746,0.0042542861083140265,0.07561497594108188
2000.0,0.18637968601574698,0.4931494993821837,0.15273418151778756,0.044374758325901285,0.1152166568486102,0.004559651133870283,0.09934298103123569
2000.0,0.2013779989925148,0.5350061058819836,0.19573952144346327,0.048191096417201006,0.14935257466933644,0.004886812923105484,0.12969844381233217
2000.0,0.21758325354622077,0.5798750673436903,0.2480598237725728,0.05232534912203299,0.19219638730119487,0.005237309123409921,0.16811769424934303
2000.0,0.23509257446499263,0.6277860188193044,0.3103644938866493,0.05680194970388364,0.2453301987827689,0.005612783151023794,0.21615196594394662
2000.0,0.254010902345651,0.6787003813928559,0.3827757532222317,0.06164680263842413,0.31035246390254234,0.006014991065421999,0.27538399642726147
2000.0,0.27445162254607774,0.732489538935144,0.4646786050959092,0.0668872893797241,0.38875617415245906,0.006445808830655553,0.34730397312745953
2000.0,0.2965372447505279,0.7889106231213796,0.5546034333817638,0.07255225405229124,0.48177095962314426,0.006907239976226131,0.43314663774543927
2000.0,0.3204001372207999,0.8475816507289137,0.6502354998000115,0.0786719644849363,0.5901783348217632,0.007401423668896561,0.5337009891668603
2000.0,0.3461833201339362,0.9079589772306879,0.7485814813776605,0.08527804340625544,0.7141186845607392,0.00793064320531645,0.6491154410838068
2000.0,0.37404132276125424,0.9693213945580759,0.8462792213058998,0.09240336402799652,0.8529175206122076,0.008497334933413259,0.7787314163850213
2000.0,0.40414110962613575,1.0307663757043206,0.9399894760406123,0.10008190368193351,1.0049641143741974,0.009104097608102749,0.9209829826013577
2000.0,0.4366630811914216,1.0912244067706092,1.0267798578619856,0.1083485486887335,1.1676747816768493,0.00975370218394062,1.0733954195148212
2000.0,0.4718021550739443,1.149496370337491,1.1044156913799734,0.1172388432763845,1.3375639529449408,0.010449102043792312,1.2327002133596001
2000.0,0.509768934266365,1.2043159998302322,1.171506932245553,0.1267886751971981,1.510429173384157,0.011193443658356502,1.3950606055982515
2000.0,0.5507909693679497,1.2544344914994199,1.2275066713497702,0.13703389079650857,1.681634727091921,0.011990077666347713,1.5563770666149772
2000.0,0.5951141223893575,1.2987183314833777,1.2725945733391661,0.14800983275704585,1.8464582566180294,0.012842570359223537,1.7126239724505146
2000.0,0.6430040403052831,1.3362461154835659,1.3074962761758016,0.1597507946865113,2.0004514624195826,0.01375471554742386,1.8601633279465983
2000.0,0.6947477471865686,1.3663878326660075,1.3332876996860152,0.17228938824574158,2.1397636502790713,0.014730546777056217,1.9959898267342973
2000.0,0.7506553644540866,1.3888522714916358,1.3512192741538,0.1856558207451558,2.2613859564511767,0.01577434985668822,2.1178800350776616
2000.0,0.8110619695645859,1.4036946906474181,1.3625782406834945,0.1998770841719766,2.3632913612774598,0.016890675643264227,2.2244402857746097
2000.0,0.8763296042683791,1.4112856124323485,1.368593323781925,0.21497606052919763,2.444465812552575,0.018084353024013004,2.315066434809346
2000.0,0.94684944447518,1.4122495240472877,1.3703774099435544,0.2309705532050299,2.5048435989398614,0.019360502017415442,2.389839998007281
2000.0,1.0230441447330059,1.407386936634814,1.3688999745683914,0.24787225981830974,2.54517192668928,0.02072454690071812,2.449388612148345
2000.0,1.1053703713715621,1.3975937783417294,1.3649803968504934,0.26568570848055484,2.566834279109267,0.022182229253970273,2.4947359579131168
2000.0,1.1943215394922988,1.383789280536791,1.3592944606402373,0.2844071864446432,2.5716605210317884,0.02373962079100019,2.527159980203506
2000.0,1.290430770209037,1.3668590611419833,1.3523881390427586,0.30402369730609075,2.5617460020975655,0.025403135826014427,2.548071011960514
2000.0,1.3942740858631448,1.3476156911353505,1.3446945495656404,0.3245119897761839,2.5392944901800374,0.02717954320050311,2.5589150035114883
2000.0,1.506473862363495,1.326775703974898,1.3365514508924008,0.34583770691178045,2.5064925428983655,0.029075977468797663,2.561102314870823
2000.0,1.6277025593425158,1.304950102695328,1.328217756488,0.36795470881250114,2.4654170638347437,0.031099949111925766,2.555959569332107
2000.0,1.75868675048469,1.2826447540379833,1.3198882976479445,0.3908046233780837,2.4179737375134245,0.0332593535183613,2.5447006131252077
2000.0,1.9002114781829416,1.2602672309999665,1.3117065522972065,0.41431667798303373,2.3658617262634327,0.03556247843696378,2.528412248059874
2000.0,2.0531249586221487,1.238137269724865,1.3037753421600613,0.4384078592353542,2.3105590978246666,0.03801800957200724,2.508050684594297
2000.0,2.2183436654893054,1.216498741619729,1.2961656542365638,0.4629834379616438,2.2533235033499937,0.040635033952984234,2.484445272280014
2000.0,2.3968578227791077,1.1955317274319055,1.288923811385068,0.48793788219833667,2.195203242942954,0.04342304067322284,2.458306778573009
2000.0,2.5897373396156045,1.1753638359348704,1.282077235242484,0.5131561627334543,2.137054730425519,0.04639191855180547,2.4302381724943616
2000.0,2.7981382226597757,1.1560803184118125,1.2756390352505804,0.5385154346136944,2.07956329077274,0.04955195023352944,2.40074646082114
2000.0,3.0233095045352174,1.1377328067970707,1.2696116344057446,0.56388705547501,2.023265069370964,0.05291380220258868,2.370254599294601
2000.0,3.2666007297968864,1.1203466760500065,1.2639896140272229,0.589138879419406,1.9685685433734974,0.056488510148395815,2.3391128626047877
2000.0,3.52947004330937,1.103927128894523,1.2587619311466756,0.6141377454895793,1.9157746859529936,0.060287459087851665,2.307609319537199
2000.0,3.8134929295117215,1.0884641479587278,1.253913635535854,0.6387520645784063,1.8650952528526068,0.06432235761902028,2.275979242578833
2000.0,4.120371654946828,1.0739364753045655,1.2494271899895641,0.6628543995237166,1.8166689578565463,0.06860520565847045,2.2444134030506873
2000.0,4.451945470648365,1.0603147756148248,1.2452834775509594,0.6863239312848238,1.7705755038778275,0.07314825500068194,2.2130652796196557
2000.0,4.810201635532377,1.0475641257686714,1.2414625627648794,0.7090487098361348,1.7268475626106812,0.07796396203534725,2.182057252920539
2000.0,5.1972873268613125,1.0356459557891824,1.2379442604312654,0.7309276012898647,1.685480868282326,0.0830649319698721,2.151485882050117
2000.0,5.615522509164757,1.0245195475211781,1.2347085542922998,0.751871861555714,1.6464426262503715,0.08846385393285505,2.1214263673284317
2000.0,6.067413838745715,1.0141431797284188,1.2317358992102045,0.7718062897445305,1.6096784475346886,0.09417342638297899,2.0919363032962086
2000.0,6.555669687107821,1.0044749924722836,1.229007433297553,0.7906699393628785,1.5751180150628226,0.10020627231982607,2.0630588201458284
2000.0,7.083216373345103,0.9954736299664959,1.2265051208164368,0.8084163899050185,1.5426796729912513,0.10657484389189134,2.034825203175487
2000.0,7.653215702781789,0.987098709589927,1.2242118421857275,0.8250136037230122,1.5122741114234228,0.1132913161256159,2.007257070051818
2000.0,8.269083916978364,0.979311155211974,1.2221114438939997,0.8404434114730568,1.483807298128835,0.12036746966034971,1.9803681756946427
2000.0,8.934512168679142,0.9720734252010343,1.2201887583192603,0.8547006829900059,1.4571827883228947,0.12781456257000015,1.9541659050693772
2000.0,9.653488644416246,0.9653496591875679,1.21842960125184,0.8677922487272814,1.4323035242751392,0.1356431915841364,1.9286525054187182
2000.0,10.430322467359783,0.9591057625922381,1.2168207531804602,0.8797356400633689,1.4090732190350257,0.14386314328981376,1.9038261016349114
2000.0,11.269669523673954,0.9533094438853383,1.2153499290354868,0.8905577154073758,1.387397403124208,0.15248323619930684,1.8796815316023705
2000.0,12.176560367167074,0.9479302163251823,1.214005740009743,0.9002932340182964,1.3671841996556495,0.16151115490553006,1.8562110323953254
2000.0,13.156430369479708,0.9429393733699097,1.2127776502342542,0.9089834318132191,1.3483448818936343,0.17095327791144288,1.8334048031267847
2000.0,14.21515229651331,0.938309944936648,1.2116559304252175,0.9166746442149841,1.3307942575904284,0.180814501105196,1.8112514659262118
2000.0,15.359071506343481,0.9340166400861841,1.2106316101007477,0.9234170112211032,1.3144509163235174,0.1910980592497639,1.7897384428814453
2000.0,16.595043979573383,0.9300357804529727,1.2096964295612849,0.9292632901420151,1.2992373693063672,0.20180534825238436,1.7688522637253539
2000.0,17.93047741005914,0.9263452277494812,1.2088427925118517,0.9342677924426824,1.2850801055599017,0.21293575136087156,1.7485788164954683
2000.0,19.37337560228064,0.9229243078947048,1.2080637199589361,0.9384854532150488,1.2719095837323315,0.22448647278408518,1.7289035512697661
2000.0,20.932386441449754,0.9197537337048155,1.207352805824534,0.9419710352196229,1.2596601750829324,0.23645238253399403,1.7098116453169665
2000.0,22.6168537238605,0.9168155276041144,1.2067041745732208,0.9447784642248405,1.2482700700626992,0.24882587651703592,1.6912881365372967
2000.0,24.436873158122108,0.9140929454389262,1.206112441035682,0.9469602884943966,1.2376811584131469,0.26159675604268867,1.6733180308598903
2000.0,26.40335287291318,0.9115704021837576,1.2055726725265696,0.9485672526015546,1.2278388906636983,0.2747521309477543,1.6558863882635269
2000.0,28.5280787939051,0.9092334001005913,1.2050803532901468,0.949647974118015,1.2186921272540385,0.28827635043820615,1.6389783912626652
2000.0,30.8237852816858,0.9070684597348314,1.204631351259282,0.9502487109475339,1.2101929801703093,0.30215096551213305,1.6225793990206392
2000.0,33.30423145404577,0.9050630539943765,1.2042218870783978,0.9504132069660686,1.20229665090521,0.31635472643757295,1.6066749896915549
2000.0,35.9842836500576,0.9032055454529576,1.2038485053160817,0.950182604019405,1.1949612676838723,0.33086361821407567,1.591250993130935
2000.0,38.88000453019018,0.9014851269385394,1.2035080477759599,0.9495954090654783,1.1881477242005545,0.3456509362499644,1.576293515735224
2000.0,42.00874934647167,0.8998917654068634,1.2031976288033857,0.9486875062059998,1.1818195215534784,0.36068740364972623,1.5617889588575664
2000.0,45.38926995968774,0.898416149054928,1.202914612479005,0.9474922044294374,1.1759426146201712,0.37594133054733686,1.5477240319899703
2000.0,49.041827227033345,0.8970496375960004,1.20265659158734,0.9460403130070579,1.170485263761952,0.3913788148694013,1.5340857616902421
2000.0,52.988312433803536,0.895784215594012,1.202421368248175,0.9443602375886126,1.1654178924662717,0.406963982802006,1.5208614970578875
2000.0,57.252378496914055,0.8946124487388055,1.2022069361001766,0.9424780910946218,1.1607129513152132,0.42265926610852633,1.50803891241984
2000.0,61.85958172660796,0.8935274429330641,1.2020114639291928,0.9404178144727394,1.1563447884960012,0.43842571234783784,1.4956060077689877
2000.0,66.83753499598538,0.8925228060555014,1.201833280637698,0.9382013032619665,1.1522895269355755,0.4542233230208086,1.4835511074014103
2000.0,72.21607323636401,0.891592612262063,1.201670861456543,0.9358485366845837,1.1485249480384183,0.47001141377392275,1.4718628571184054
2000.0,78.02743225035366,0.8907313686866056,1.2015228153052593,0.9333777066616012,1.1450303819288283,0.4857489900549568,1.460530220293683
2000.0,84.306441914344,0.8899339844041989,1.2013878732124934,0.9308053447274894,1.141786604040699,0.5013951310826744,1.4495424730520052
2000.0,91.09073492834872,0.8891957415232784,1.2012648777135424,0.9281464453106989,1.1387757378555114,0.5169093746874383,1.4388891987610568
2000.0,98.42097236433055,0.8885122682770119,1.2011527731473388,0.9254145842563615,1.1359811635594874,0.5322520955184025,1.4285602820016652
2000.0,106.34108736481039,0.8878795139890852,1.2010505967804748,0.9226220318054484,1.1333874323709983,0.5473848692994545,1.4185459021513418
2000.0,114.89854845234812,0.8872937257944387,1.2009574706909585,0.9197798595196099,1.1309801862772824,0.562270816241912,1.4088365266912712
2000.0,124.14464402801636,0.886751427001102,1.2008725943492626,0.9168980408615328,1.1287460829135987,0.5768749173668265,1.3994229043264332
2000.0,134.13478976398622,0.8862493969850317,1.2007952378388773,0.9139855453149986,1.1266727253166713,0.5911642983229662,1.3902960579917212
2000.0,144.92886073255323,0.885784652515649,1.2007247356629691,0.9110504260642187,1.124748596286719,0.6051084762690265,1.3814472778030469
2000.0,156.59155026219221,0.8853544304155125,1.2006604810878891,0.9080999013549639,1.12296299709742,0.6186795664755229,1.3728681140010495
2000.0,169.19275767141164,0.8849561714631862,1.2006019209781533,0.9051404297362368,1.1213059903003504,0.6318524464453216,1.3645503699256263
2000.0,182.80800720425967,0.8845875054538265,1.200548551081126,0.9021777794356372,1.1197683463789538,0.6446048765040007,1.356486095051797
2000.0,197.518900678332,0.8842462373372817,1.200499911723045,0.8992170921584383,1.1183414940167637,0.656917576927022,1.3486675781110655
2000.0,213.41360655819102,0.8839303343585528,1.2004555838811115,0.896262941623226,1.117017473754762,0.668774262709803,1.3410873403172567
2000.0,230.58738838541277,0.8836379141302922,1.2004151855993315,0.8933193871587748,1.1157888948234527,0.6801616380158212,1.3337381287114822
2000.0,249.143175732365,0.8833672335715989,1.200378368718429,0.8903900226901332,1.1146488949459312,0.691069353131445,1.3266129096374488
2000.0,269.1921811016741,0.8831166786517245,1.2003448158926695,0.887478021438674,1.1135911029190357,0.7014899273973857,1.31970486235538
2000.0,290.85456646871785,0.8828847548814103,1.2003142378686964,0.8845861766528221,1.112609603790258,0.711418642067251,1.3130073728005374
2000.0,314.2601634620048,0.8826700784984522,1.2002863710036151,0.8817169386746428,1.1116989064584846,0.7208534073631885,1.306514027490361
2000.0,339.5492514977853,0.882471368297736,1.2002609750014661,0.8788724486335204,1.1108539135367115,0.7297946081637776,1.3002186075827276
2000.0,366.873398532569,0.8822874380594065,1.2002378308490422,0.8760545690426481,1.1100698933245756,0.7382449327824332,1.2941150830865287
2000.0,396.39636947252984,0.8821171895320593,1.200216738933608,0.8732649115576583,1.109342453747892,0.7462091891923627,1.2881976072247667
2000.0,428.2951076842745,0.8819596059308339,1.200197517326616,0.8705048621399307,1.1086675181312646,0.7536941128461133,1.2824605109495424
2000.0,462.76079548956716,0.8818137459131122,1.2001800002188503,0.8677756038503754,1.1080413026783338,0.7607081699449643,1.2768982976076242
2000.0,500.0,0.8816787379971607,1.2001640364937163,0.8650781374830245,1.107460295542278,0.767261359657201,1.2715056377548069
2500.0,0.05,0.15024781319583247,0.0026708773707063357,0.010081335147510312,0.0011854539169156065,0.0010641096472364191,0.0012659362593618784
2500.0,0.05402359111590645,0.16357988954005545,0.003604092573237233,0.010965401834364837,0.0016084243428022905,0.0011408442055037293,0.0017196527527886642
2500.0,0.0583709679411729,0.1780888156814661,0.00486044247751762,0.011926598668603244,0.002180638059590858,0.0012231092116241186,0.00233447916477345
2500.0,0.06306818610187218,0.193876061203831,0.006549729386136734,0.012971573337014573,0.002953775058709125,0.0013113027637420283,0.003166690330537395
2500.0,0.06814339796778869,0.211050908756575,0.008817602177503893,0.014107529777364113,0.003996841840423491,0.0014058515349319666,0.004291642308309743
2500.0,0.07362702138120615,0.22973069227039952,0.011856244484199651,0.015342271299789927,0.00540165282671074,0.0015072128109387185,0.005809890841884656
2500.0,0.07955192196360762,0.2500408889030855,0.01591755331426856,0.016684246340237845,0.007289859041134987,0.0016158766710562362,0.007855058693539183
2500.0,0.08595361009292872,0.2721149932789813,0.02132890168204032,0.018142596851063928,0.009821854365908031,0.0017323683218443923,0.010603822545332044
2500.0,0.09287045373192858,0.29609407764834117,0.02851118524491267,0.01972720929192779,0.013207897526223276,0.0018572505939815208,0.014288387439682275
2500.0,0.10034390838324836,0.3221259096622418,0.03799814494479697,0.02144876813097302,0.017721751445895818,0.001991126613176621,0.019211750838235314
2500.0,0.10841876554937169,0.3503634594570399,0.05045480992492795,0.023318811699935937,0.023717030388563178,0.0021346426567174876,0.025765886182199493
2500.0,0.11714342118661163,0.38096257907477205,0.06669121538325756,0.02534979016484477,0.031646218160869675,0.002288491207909056,0.0344526390292429
2500.0,0.12657016576207836,0.4140785804328181,0.08766532607403753,0.027555125273656386,0.04208192627233587,0.0024534142213581828,0.04590655620213431
2500.0,0.13675549765206044,0.449861375770398,0.11446660663288914,0.029949271420506903,0.05573934265636495,0.0026302066127849304,0.06091798597673185
2500.0,0.14776046176014435,0.48844878316520973,0.14826966239817008,0.03254777741989847,0.07349792939082558,0.0028197199877831964,0.08045354231632944
2500.0,0.15965101538455134,0.5299575517945474,0.19024721891358243,0.03536734820951771,0.09641924127895021,0.003022866624711446,0.10566943021471034
2500.0,0.1724984235274858,0.5744716485805149,0.24143541220100023,0.038425905493687476,0.12575630114099784,0.0032406237276625654,0.13791132440587525
2500.0,0.18637968601574698,0.6220274034463824,0.3025539312841734,0.04174264609680904,0.16294844118017898,0.0034740379662343245,0.17869283310790732
2500.0,0.2013779989925148,0.6725952830539857,0.3737995868846785,0.045338096513750294,0.2095942276694191,0.0037242303195911173,0.22964369343969607
2500.0,0.21758325354622077,0.7260584148797661,0.45465157474514534,0.04923416181848826,0.2673945526994151,0.003992401243064256,0.29241964174953244
2500.0,0.23509257446499263,0.7821885826296557,0.543742565743347,0.05345416672058817,0.33805890323504906,0.0042798361762709835,0.3685694041604055
2500.0,0.254010902345651,0.8406213118478941,0.6388511275538935,0.05802288613957819,0.42317095778378916,0.004587911412427804,0.4593612179127425
2500.0,0.27445162254607774,0.9008328554203088,0.7370496539251334,0.06296656219994513,0.5240155565563351,0.00491810034917573,0.5655816140081968
2500.0,0.2965372447505279,0.9621232487449456,0.8349997073874283,0.06831290403679699,0.6413776838196892,0.005271980141804053,0.6873312639039011
2500.0,0.3204001372207999,1.0236108256090475,0.929338538904451,0.07409106625010409,0.7753343263328218,0.005651238780232346,0.823853170308662
2500.0,0.3461833201339362,1.0842441439837696,1.0170687504117357,0.08033160126432713,0.9250696509217546,0.0060576826114607145,0.9734328774211882
2500.0,0.37404132276125424,1.1428364938531563,1.0958635161000765,0.08706638025659721,1.0887496466979236,0.006493244329393762,1.1334047234829745
2500.0,0.40414110962613575,1.1981254604162408,1.164231445349118,0.0943284767343812,1.2634909142077078,0.00695999145394737,1.3002812485702628
2500.0,0.4366630811914216,1.2488552893067737,1.2215312846732147,0.10215200630586559,1.4454476952244362,0.007460135321115578,1.4699978485889686
2500.0,0.4718021550739443,1.2938738199222386,1.2678663162663522,0.11057191573715575,1.6300222325775506,0.007996040605157514,1.6382387876941855
2500.0,0.509768934266365,1.3322302692574115,1.3039085341358287,0.11962371408629323,1.8121800262937573,0.008570235393202688,1.8007922590490608
2500.0,0.5507909693679497,1.363257392116776,1.3307025847666052,0.1293431386151547,1.9868297265169215,0.009185421831300352,1.953877417289078
2500.0,0.5951141223893575,1.386623175635455,1.34948641722695,0.13976574839066913,2.149213673824663,0.009844487359177001,2.094396130835841
2500.0,0.6430040403052831,1.4023432842033015,1.361548688307116,0.15092643909386938,2.2952535459273697,0.010550516548627676,2.2200822629622277
2500.0,0.6947477471865686,1.410754075030693,1.3681285873520985,0.16285887366715762,2.421806343562714,0.01130680355744984,2.32954434100997
2500.0,0.7506553644540866,1.412454175755898,1.370354458561784,0.1755948251605085,2.5268053416044305,0.012116865207018903,2.422216699243322
2500.0,0.8110619695645859,1.4082277421739002,1.3692132165814321,0.18916343059740176,2.6092827515758703,0.012984454686871484,2.49824560273084
2500.0,0.8763296042683791,1.3989635107576868,1.3655416481009837,0.20359035796797081,2.6692899302593305,0.013913575883860873,2.558339918847495
2500.0,0.94684944447518,1.3855812548357709,1.3600317118553338,0.2188968926368919,2.7077432511663098,0.014908498326412625,2.6036125392205505
2500.0,1.0230441447330059,1.368972895287023,1.3532437161569202,0.23509895454362467,2.7262281486548603,0.015973772725956313,2.635431904126483
2500.0,1.1053703713715621,1.3499610253402727,1.3456230641501643,0.252206063516476,2.7267915427906058,0.017114247087535575,2.6552953238612607
2500.0,1.1943215394922988,1.3292741253588833,1.3375177838188004,0.27022027666619075,2.7117462900938487,0.018335083349681962,2.6647291151176122
2500.0,1.290430770209037,1.3075356745685889,1.3291952079452871,0.28913512889632076,2.683503081375677,0.019641774499630244,2.6652156927046406
2500.0,1.3942740858631448,1.28526357527929,1.3208569637281042,0.30893461465754146,2.6444373649941064,0.02104016209359011,2.6581447655761474
2500.0,1.506473862363495,1.2628764014791978,1.3126519433864474,0.3295922556317416,2.596792615419738,0.022536454092783695,2.644784360717386
2500.0,1.6277025593425158,1.2407035556434938,1.3046872328576848,0.3510703043818172,2.5426170195322255,0.024137242904007386,2.626267076982335
2500.0,1.75868675048469,1.2189971488152784,1.2970371417482323,0.3733191373758338,2.4837282995399868,0.025849523488260428,2.6035873147487494
2500.0,1.9002114781829416,1.1979441163603635,1.2897505544261767,0.3962768913924096,2.4217005312016315,0.02768071137217544,2.5776058949591887
2500.0,2.0531249586221487,1.1776776547142345,1.282856845118706,0.41986939440220133,2.357866969867046,0.02963866036425598,2.5490592430790113
2500.0,2.2183436654893054,1.158287489819058,1.2763705928085676,0.44401043503557575,2.293333632078973,0.031731679740953075,2.5185710355787094
2500.0,2.3968578227791077,1.139828778702128,1.2702953096445924,0.468602403419829,2.2289993663495395,0.03396855062609371,2.48666482403885
2500.0,2.5897373396156045,1.1223296289812916,1.2646263685589558,0.49353732063673167,2.165579162762314,0.036358541240847114,2.453776644681976
2500.0,2.7981382226597757,1.1057973260582585,1.2593532869722635,0.5186982549335152,2.1036283705977183,0.03891142065007538,2.420266993927692
2500.0,3.0233095045352174,1.090223409506698,1.254461496559149,0.5439611012471737,2.043566258450456,0.04163747057444369,2.386431820118558
2500.0,3.2666007297968864,1.0755877580712394,1.249933705248971,0.5691966781613211,1.9856979491749511,0.04454749477606596,2.3525123682412468
2500.0,3.52947004330937,1.061861840623347,1.2457509373020113,0.5942730750216554,1.9302342046589962,0.04765282545888838,2.3187038379241267
2500.0,3.8134929295117215,1.0490112776891558,1.2418933203262261,0.6190581636258594,1.8773088468355548,0.05096532605383652,2.2851628921644895
2500.0,4.120371654946828,1.0369978407012144,1.2383406741572998,0.6434221755775337,1.8269938086572548,0.05449738968358762,2.252014098738557
2500.0,4.451945470648365,1.0257809974857783,1.2350729452070155,0.6672402395534872,1.7793119376009041,0.05826193252363429,2.219355408493577
2500.0,4.810201635532377,1.0153190946563384,1.2320705207759042,0.6903947732554164,1.7342477465310338,0.0622723811964082,2.1872627823912745
2500.0,5.1972873268613125,1.0055702515170422,1.2293144505408973,0.7127776328054546,1.6917563399485893,0.06654265325545322,2.1557940777439595
2500.0,5.615522509164757,0.9964930261553832,1.2267865966291533,0.7342919371011742,1.651770751127683,0.07108712973932495,2.1249922973535362
2500.0,6.067413838745715,0.9880469026456491,1.2244697290884345,0.7548535047551759,1.6142079171605765,0.07592061870305593,2.0948882957804225
2500.0,6.555669687107821,0.9801926385366839,1.2223475799239378,0.7743918647729857,1.57897350136844,0.08105830857236139,2.0655030263914713
2500.0,7.083216373345103,0.9728925038230444,1.220404865996509,0.7928508268808606,1.5459657505644997,0.08651571011677658,2.0368494021958883
2500.0,7.653215702781789,0.9661104361391004,1.2186272888100897,0.8101886212430989,1.5150785513198257,0.09230858580794814,2.0089338333815827
2500.0,8.269083916978364,0.9598121317218687,1.217001517430621,0.8263776383361321,1.4862038265602846,0.09845286532455255,1.9817574952330568
2500.0,8.934512168679142,0.9539650875356428,1.2155151593737141,0.8414038165827504,1.4592333925919732,0.10496454599285421,1.9553173718842385
2500.0,9.653488644416246,0.9485386066452735,1.2141567231940342,0.8552657371830246,1.4340603775493255,0.11185957701957577,1.9296071141598035
2500.0,10.430322467359783,0.9435037763012715,1.2129155756420995,0.8679734921857009,1.4105802854749032,0.11915372649002096,1.9046177435436693
2500.0,11.269669523673954,0.9388334261231253,1.211781895574046,0.8795473935197736,1.3886917757493673,0.12686243027814187,1.8803382290043522
2500.0,12.176560367167074,0.9345020721266503,1.210746626267079,0.8900165881391214,1.3682972152481727,0.13500062225540543,1.8567559589081437
2500.0,13.156430369479708,0.9304858510473115,1.2098014273768007,0.899417638557321,1.349303050200445,0.1435825455003833,1.8338571264631416
2500.0,14.21515229651331,0.9267624483924848,1.2089386274475893,0.9077931198973616,1.3316200360335226,0.15262154460840388,1.8116270439636857
2500.0,15.359071506343481,0.9233110228542014,1.2081511776343694,0.9151902751578358,1.3151633562727545,0.16212983968598338,1.790050398456736
2500.0,16.595043979573383,0.9201121290844549,1.2074326070981207,0.9216597605908758,1.2998526556124395,0.17211828319096054,1.7691114592492396
2500.0,17.93047741005914,0.9171476403414878,1.2067769803862105,0.9272545036114666,1.285612007383246,0.1825961014454079,1.7487942458483627
2500.0,19.37337560228064,0.9144006721289774,1.2061788569926106,0.9320286870311554,1.272369831640114,0.19357062339868578,1.7290826634137777
2500.0,20.932386441449754,0.9118555076481017,1.2056332532046838,0.9360368659590566,1.2600587768320772,0.20504700004067664,1.709960611550949
2500.0,22.6168537238605,0.9094975256471853,1.2051356062766028,0.9393332175990339,1.2486155753632753,0.2170279187414653,1.6914120712423844
2500.0,24.436873158122108,0.9073131310709213,1.2046817409198274,0.9419709194187662,1.237980881204322,0.22951331769687303,1.6734211738629294
2500.0,26.40335287291318,0.9052896887698808,1.2042678380647762,0.944001647699975,1.2280990959745335,0.24250010655434573,1.6559722555241385
2500.0,28.5280787939051,0.9034154604223609,1.2038904058218503,0.9454751861608721,1.2189181885130813,0.25598190013758343,1.6390498994155995
2500.0,30.8237852816858,0.9016795447376534,1.203546252552092,0.9464391329984492,1.2103895118285557,0.2699487729303312,1.6226389683360904
2500.0,33.30423145404577,0.9000718209470514,1.20323246194604,0.9469386941443493,1.2024676204106555,0.28438704256343716,1.6067246292167316
2500.0,35.9842836500576,0.8985828955419967,1.2029463700024148,0.9470165505838014,1.1951100901626746,0.2992790909148376,1.5912923711169444
2500.0,38.88000453019018,0.8972040521843146,1.202685543794961,0.9467127880884566,1.1882773426348858,0.3146032315199365,1.5763280179098007
2500.0,42.00874934647167,0.895927204688746,1.2024477619151608,0.9460648785192092,1.181932474778772,0.3303336317449246,1.561817736656093
2500.0,45.38926995968774,0.8947448529608368,1.2022309964799773,0.9451077028470258,1.1760410950776443,0.3464402975526406,1.5477480424878467
2500.0,49.041827227033345,0.8936500417620125,1.20203339659666,0.9438736071254543,1.17057116662187,0.36288912765944903,1.5341058006751465
2500.0,52.988312433803536,0.8926363221669494,1.2018532731805733,0.9423924837573902,1.165492857471796,0.37964204243255156,1.520878226429429
2500.0,57.252378496914055,0.8916977155751791,1.2016890850266275,0.9406918714797319,1.1607783984762665,0.39665719102538627,1.508052882897119
2500.0,61.85958172660796,0.8908286801383174,1.201539426039952,0.9387970685081182,1.156401948579503,0.41388923803766714,1.4956176777158483
2500.0,66.83753499598538,0.8900240794657793,1.201403013536765,0.9367312542183202,1.152339467546133,0.4312897284889009,1.4835608584384057
2500.0,72.21607323636401,0.8892791534747926,1.2012786775317692,0.9345156155796196,1.1485685959567742,0.4488075272105639,1.4718710070743275
2500.0,78.02743225035366,0.8885894912545422,1.2011653509338052,0.9321694752946359,1.1450685422696978,0.46638932601716615,1.460537033953655
2500.0,84.306441914344,0.8879510058190594,1.201062060576746,0.9297104192410096,1.1418199767033523,0.4839802093516985,1.4495481710800389
2500.0,91.09073492834872,0.8873599106287442,1.2009679190177294,0.9271544213580862,1.1388049316667137,0.5015242666657206,1.4388939651096309
2500.0,98.42097236433055,0.8868126977660036,1.2008821170397503,0.9245159645835346,1.1360067084466416,0.51896523773435,1.428564270066967
2500.0,106.34108736481039,0.8863061176562325,1.2008039168002742,0.9218081568291435,1.1334097898515556,0.5362471755522935,1.418549239888229
2500.0,114.89854845234812,0.8858371602311589,1.2007326455719856,0.9190428413007186,1.130999758507013,0.5533151105129968,1.4088393208651944
2500.0,124.14464402801636,0.8854030374373211,1.20066769002594,0.9162307007229473,1.128763220499734,0.5701156993072262,1.3994252440491206
2500.0,134.13478976398622,0.8850011669980894,1.2006084910112984,0.9133813552346305,1.1266877340711612,0.5865978424157103,1.390298017662242
2500.0,144.92886073255323,0.8846291573431246,1.2005545387894754,0.9105034538806123,1.124761743068851,0.602713255193202,1.3814489195550694
2500.0,156.59155026219221,0.8842847936244613,1.2005053686839424,0.9076047597510528,1.1229745148731127,0.6184169792847337,1.3728694897398646
2500.0,169.19275767141164,0.8839660247434887,1.2004605571100715,0.9046922289125924,1.1213160825268673,0.6336678233762405,1.364551523024256
2500.0,182.80800720425967,0.8836709513179465,1.200419717952364,0.9017720833448799,1.1197771908080496,0.6484287249282333,1.3564870617636933
2500.0,197.518900678332,0.8833978145226783,1.2003824992590857,0.8988498781445594,1.1183492459959226,0.662667027420826,1.3486683887471331
2500.0,213.41360655819102,0.8831449857422565,1.200348580226873,0.8959305632910912,1.1170242690948442,0.6763546705922977,1.3410880202268258
2500.0,230.58738838541277,0.8829109569777295,1.200317668450147,0.8930185402881052,1.1157948522914072,0.6894682940280554,1.3337386991001405
2500.0,249.143175732365,0.8826943319536492,1.2002894974123353,0.8901177140031445,1.1146541184329966,0.7019892571149564,1.3266133882490727
2500.0,269.1921811016741,0.8824938178752069,1.2002638241978256,0.8872315400299594,1.1135956833278282,0.7139035807048323,1.3197052640410893
2500.0,290.85456646871785,0.8823082177887508,1.2002404274054026,0.8843630678929038,1.11261362067814,0.7252018177482775,1.3130077099934667
2500.0,314.2601634620048,0.8821364235022064,1.2002191052455535,0.8815149804039636,1.1117024294694668,0.7358788616156341,1.3065143106019503
2500.0,339.5492514977853,0.8819774090249421,1.2001996738055438,0.8786896294708171,1.1108570036497323,0.7459337017991716,1.3002188453336097
2500.0,366.873398532569,0.8818302244894618,1.2001819654675703,0.8758890686400354,1.1100726039422335,0.7553691372004625,1.2941152827828795
2500.0,396.39636947252984,0.8816939905199629,1.200165827466542,0.8731150826439211,1.109344831646443,0.7641914572859967,1.2881977749891818
2500.0,428.2951076842745,0.8815678930152655,1.2001511205752409,0.8703692142031051,1.1086696042899162,0.7724101010965829,1.2824606519139687
2500.0,462.76079548956716,0.8814511783159324,1.2001377179056474,0.8676527883204327,1.1080431330034637,0.780037303488438,1.2768984160746355
2500.0,500.0,0.8813431487275558,1.200125503816219,0.8649669342851448,1.1074619015001121,0.7870877371382105,1.271505737332449
