coordinate_m,temperature_k,mole_fraction_h2o,planck_mean_kappa_m-1,heat_flux_w_m2,source_term_w_m3,incident_radiation_w_m2
0.0,2000.0,0.3,0.336137873755118,-341224.3639011088,897908.9255659963,957787.7530436065
0.025,1989.375,0.2981875,0.33765142355651306,-319486.7578117793,864492.176915136,992225.3019776533
0.05,1978.75,0.296375,0.3391784241490752,-298545.8626948681,832678.4556631829,1022259.6762420225
0.07500000000000001,1968.125,0.29456249999999995,0.34071904913404216,-278364.6925319737,802343.8737423056,1048305.8060644445
0.1,1957.5,0.29275,0.3422734749326566,-258909.0781392728,773375.7577858472,1070739.3055188279
0.125,1946.875,0.2909375,0.34384188083737305,-240147.41189733462,745671.6452346793,1089900.1415264704
0.15000000000000002,1936.25,0.289125,0.3454244490639064,-222050.41542073723,719138.366745103,1106095.972484858
0.17500000000000002,1925.625,0.2873125,0.34702136480412016,-204590.92818727845,693691.207805065,1119605.1850442179
0.2,1915.0,0.2855,0.3486328162797539,-187743.71531000585,669253.1430214144,1130679.6551981375
0.225,1904.375,0.2836875,0.3502589947969877,-171485.29278585833,645754.1370554215,1139547.2576859668
0.25,1893.75,0.281875,0.35190009480183554,-155793.76869338306,623130.506659779,1146414.1457075274
0.275,1883.125,0.2800625,0.35355631393636433,-140648.69893965314,601324.3387105564,1151466.8211119429
0.30000000000000004,1872.5,0.27825,0.3552278530957277,-126030.95627400215,580282.9595345465,1154874.0135302902
0.325,1861.875,0.2764375,0.3569149164860026,-111922.61139427443,559958.4512086234,1156788.3853650365
0.35000000000000003,1851.25,0.274625,0.35861771168281714,-98306.82507068799,540307.210855239,1157348.0781176735
0.375,1840.625,0.2728125,0.3603364496907503,-85167.75030377963,521289.54927913786,1156678.1142199452
0.4,1830.0,0.271,0.3620713450034866,-72490.44361686669,502869.3255866976,1154891.667324739
0.42500000000000004,1819.375,0.2691875,0.3638226156647003,-60260.78466058826,485013.6147027488,1152091.2129018807
0.45,1808.75,0.267375,0.3655904833296444,-48465.40337790931,467692.40495204285,1148369.5699640333
0.47500000000000003,1798.125,0.2655625,0.3673751733274128,-37091.61404297744,450878.32310518064,1143810.843811697
0.5,1787.5,0.26375,0.3691769147238414,-26127.355546861265,434546.38450332615,1138491.2788272824
0.525,1776.875,0.2619375,0.37099594038500894,-15561.137357901827,418673.76607368345,1132480.0295603997
0.55,1766.25,0.260125,0.3728324870412918,-5381.990634556687,403239.60022980324,1125839.8576242565
0.5750000000000001,1755.625,0.25831249999999994,0.37468679535192456,4420.575985428014,388224.7878184634,1118627.761261135
0.6000000000000001,1745.0,0.25649999999999995,0.3765591099700083,13856.616353584015,373611.8284292032,1110895.543828621
0.625,1734.375,0.25468749999999996,0.37844967960790554,22935.78293254464,359384.6665246139,1102690.3269030568
0.65,1723.75,0.25287499999999996,0.38035875710295036,31667.359431362365,345528.55198010657,1094055.0131885402
0.675,1713.125,0.25106249999999997,0.3822865994833986,40060.29028227825,332029.9137419773,1085028.7039548827
0.7000000000000001,1702.5,0.24924999999999997,0.3842334680345293,48123.20725738008,318876.2454229639,1075647.0753027664
0.7250000000000001,1691.875,0.24743749999999998,0.38619962836480387,55864.453496601884,306056.0017558868,1065942.7171656864
0.75,1681.25,0.24562499999999998,0.3881853504719785,63292.105193858864,293558.5049190892,1055945.4386031218
0.775,1670.625,0.2438125,0.39019090880905133,70413.99116559325,281373.85983285424,1045682.5426150442
0.8,1660.0,0.242,0.39221658234991924,77237.71050544515,269492.8776044174,1035179.0734117338
0.8250000000000001,1649.375,0.24018749999999997,0.3942626546546027,83770.64851000183,257907.00637111336,1024458.0388026771
0.8500000000000001,1638.75,0.23837499999999998,0.3963294139338835,90019.99104346705,246608.26885715273,1013540.6101218306
0.875,1628.125,0.23656249999999998,0.39841715311318693,95992.73749348776,235589.20601994332,1002446.3018818422
0.9,1617.5,0.23475,0.40052616989552187,101695.71245615998,224842.82621724295,991193.133145024
0.925,1606.875,0.23293750000000002,0.4026567668232749,107135.57627528295,214362.5593771022,979797.7724123523
0.9500000000000001,1596.25,0.23112499999999997,0.4048092513386351,112318.83454914053,204142.21569895104,968275.667661938
0.9750000000000001,1585.625,0.22931249999999997,0.4069839358424062,117251.84670735814,194175.94845661492,956641.1630138602
1.0,1575.0,0.22749999999999998,0.4091811377509368,121940.83375062271,184458.22051284756,944907.6033576819
1.0250000000000001,1564.3749999999998,0.22568749999999996,0.41140117955087807,126391.88523718051,174983.77419043623,933087.4281511536
1.05,1553.75,0.22387500000000002,0.4136443888514491,130610.96559196275,165747.6041773311,921192.2554824738
1.075,1543.125,0.22206249999999997,0.41591109843386176,134603.91980686662,156744.9331728342,909232.9573829767
1.1,1532.5,0.22025,0.4182016462975228,138376.4785940678,147971.19000889614,897219.7272813603
1.125,1521.875,0.2184375,0.42051637570259837,141934.2630482106,139421.99000518865,885162.1404036589
1.1500000000000001,1511.2499999999998,0.21662499999999996,0.42285563520848735,145282.78886784735,131093.1173390988,873069.2078443625
1.175,1500.625,0.21481250000000002,0.4252197787077091,148427.4701815415,122980.50923225815,860949.4249626442
1.2000000000000002,1490.0,0.213,0.42760916545466376,151373.6230195531,115080.24177386859,848810.8146929302
1.225,1479.375,0.2111875,0.4300241600886788,154126.4684679597,107388.51721808028,836660.9663004493
1.25,1468.75,0.209375,0.4324651326506973,156691.13553837957,99901.6526081204,824507.0700593411
1.2750000000000001,1458.1249999999998,0.20756249999999998,0.4349324585929102,159072.66378313664,92616.06959394173,812355.9482829303
1.3,1447.5,0.20575000000000002,0.43742651878056626,161276.0056826929,85528.28532293811,800214.0830923922
1.3250000000000002,1436.875,0.2039375,0.4399476994851314,163306.02882945497,78634.90429488524,788087.6412708369
1.35,1426.25,0.202125,0.4424963923678848,165167.51792960227,71932.61108283118,775982.4965144388
1.375,1415.625,0.2003125,0.4450729944529664,166865.1766423685,65418.16383121893,763904.2493602863
1.4000000000000001,1404.9999999999998,0.19849999999999998,0.4476779080887957,168403.62927420656,59088.388451226514,751858.2450418089
1.425,1394.375,0.19668750000000002,0.450311540896684,169787.42234346434,52940.17344119076,739849.5894966419
1.4500000000000002,1383.75,0.194875,0.45297430570535985,171021.02602957268,46970.465267110485,727883.1637283829
1.475,1373.125,0.1930625,0.45566662047000456,172108.83551928535,41176.26424471691,715963.6367026014
1.5,1362.5,0.19125,0.4583889081742746,173055.172261193,35554.62087043357,704095.476938487
1.5250000000000001,1351.8749999999998,0.18943749999999998,0.4611415967136439,173864.2851385496,30102.63255386875,692282.9629404468
1.55,1341.25,0.18762500000000001,0.4639251187582484,174540.35156938448,24817.44070926702,680530.192598625
1.5750000000000002,1330.625,0.1858125,0.46673991159325057,175087.47854192017,19696.228167682406,668841.0916735167
1.6,1320.0,0.184,0.46958641693455605,175509.7035924531,14736.216875556316,657219.4214674897
1.625,1309.375,0.1821875,0.47246508071751997,175810.9957320901,9934.665848912326,645668.7857748966
1.6500000000000001,1298.75,0.18037499999999998,0.4753763528560596,175995.2563280405,5288.869355572282,634192.637192526
1.675,1288.125,0.1785625,0.4783206869693505,176066.31994454612,796.1553006819951,622794.2828631912
1.7000000000000002,1277.5,0.17675,0.48129854007302314,176027.95514797888,-3546.1162065800395,611476.8897172819
1.725,1266.875,0.1749375,0.48431037223148926,175883.86528014162,-7740.554124892637,600243.4892699389
1.75,1256.25,0.173125,0.48735664616770746,175637.6892033647,-11789.737608958634,589096.9820251164
1.7750000000000001,1245.625,0.17131249999999998,0.4904378268263596,175293.00202059723,-15696.21700973287,578040.14153208
1.8,1235.0,0.1695,0.4935543808860195,174853.31577333884,-19462.514760788425,567075.6181347793
1.8250000000000002,1224.375,0.1676875,0.49670677621548076,174322.0801199457,-23091.12616336651,556205.942449978
1.85,1213.75,0.165875,0.499895481268955,173702.6829965645,-26584.52008127469,545433.528605955
1.875,1203.125,0.1640625,0.5031209644143326,172998.45126269886,-29945.139555560392,534760.6772699712
1.9000000000000001,1192.5,0.16224999999999998,0.5063836931881549,172212.65133319586,-33175.4023477728,524189.5784894688
1.925,1181.875,0.1604375,0.509684133470319,171348.48979823978,-36277.70141962663,513722.3143690963
1.9500000000000002,1171.25,0.158625,0.5130227485708637,170409.1140327725,-39254.40535598161,503360.8616031061
1.975,1160.625,0.1568125,0.5163999982204412,169397.61279660405,-42107.85873724612,493107.09388039674
2.0,1150.0,0.155,0.519816337455239,168317.0168263432,-44840.38246658693,482962.7841774657
2.025,1139.375,0.1531875,0.5232722153862202,167170.29942015946,-47454.27405667519,472929.6069527472
2.0500000000000003,1128.75,0.15137499999999998,0.5267680738415276,165960.3770162855,-49951.80788011383,463009.14025423746
2.075,1118.125,0.1495625,0.5303043458697868,164690.1097660764,-52335.235387160385,453202.8677509003
2.1,1107.5,0.14775,0.5338814540908041,163362.30210236614,-54606.785293886416,443512.18069711933
2.125,1096.875,0.1459375,0.5374998088787841,161979.70330379118,-56768.66374347985,433938.3798383608
2.15,1086.25,0.144125,0.5411598063616729,160545.00805569685,-58823.05444301198,424482.67726526083
2.1750000000000003,1075.625,0.14231249999999998,0.5448618262185453,159060.8570081885,-60772.11877762972,415146.1982224895
2.2,1065.0,0.14049999999999999,0.5486062292550771,157529.83733185276,-62617.99590381526,405929.98287801153
2.225,1054.375,0.1386875,0.5523933547350677,155954.483271638,-64362.80282305556,396834.9880577035
2.25,1043.75,0.136875,0.55622351744365,154337.2766993566,-66008.63443698897,387862.0889497166
2.275,1033.125,0.1350625,0.5600970044552539,152680.64766525355,-67557.56358484336,379012.08078247926
2.3000000000000003,1022.4999999999999,0.13324999999999998,0.5640140715765022,150986.97494906746,-69011.64106373733,370285.6804797956
2.325,1011.8749999999999,0.13143749999999998,0.5679749394310161,149258.58661100673,-70372.89563218929,361683.5282961221
2.35,1001.25,0.129625,0.5719797891495194,147497.76054305534,-71643.33399696293,353206.18943478516
2.375,990.625,0.1278125,0.5760287576246256,145706.72502102805,-72824.9407831589,344854.15565161675
2.4000000000000004,979.9999999999999,0.12599999999999997,0.5801219322852077,143887.65925780256,-73919.6784872602,336627.84684626304
2.4250000000000003,969.3749999999999,0.12418749999999996,0.5842593453402363,142042.69395816562,-74929.48741262114,328527.6126432119
2.45,958.7499999999999,0.12237499999999997,0.5884409674363402,140173.9118757314,-75856.28558668183,320553.73396443063
2.475,948.125,0.12056249999999998,0.5926667006670275,138283.34837241372,-76701.96865896658,312706.42459537595
2.5,937.5,0.11874999999999998,0.5969363708644198,136372.9919809595,-77468.4097786952,304985.83274602867
2.5250000000000004,926.8749999999999,0.11693749999999996,0.6012497190963579,134444.78497109193,-78157.45945059184,297392.04260854097
2.5500000000000003,916.2499999999999,0.11512499999999996,0.6056063922827711,132500.62391984838,-78770.9453672137,289925.07591302803
2.575,905.6249999999999,0.11331249999999997,0.6100059328350582,130542.36028675006,-79310.67221583804,282584.8934830146
2.6,895.0,0.11149999999999999,0.6144477672108114,128571.80099449851,-79778.42145763365,275371.396792047
2.625,884.375,0.1096875,0.6189311932632904,126590.70901595442,-80175.95107649821,268284.4295229991
2.6500000000000004,873.7499999999999,0.10787499999999996,0.6234553662504476,124600.80396823629,-80504.99529456168,261323.77913165223
2.6750000000000003,863.1249999999999,0.10606249999999996,0.628019283351749,122603.76271485625,-80767.26425092251,254489.1784161916
2.7,852.4999999999999,0.10424999999999998,0.6326217665222583,120601.21997691106,-80964.44363970362,247780.30709436085
2.725,841.875,0.10243749999999999,0.6372614434921301,118594.76895445955,-81098.19430296263,241196.79339013336
2.75,831.25,0.10062499999999999,0.6419367266953929,116585.96195933982,-81170.15177337073,234738.215631906
2.7750000000000004,820.6249999999999,0.09881249999999997,0.6466457898842771,114576.3110608314,-81181.92576085888,228404.10386439986
2.8000000000000003,809.9999999999999,0.09699999999999998,0.651386542153826,112567.28874572647,-81135.09957661747,222193.9414766618
2.825,799.375,0.09518749999999998,0.6561565990655188,110560.32859456775,-81031.22948689404,216107.1668488072
2.85,788.75,0.09337499999999999,0.6609532505174442,108556.82597602536,-80871.84398795592,210143.17502043748
2.875,778.125,0.09156249999999999,0.6657734249613485,106558.13876162977,-80658.44299232854,204301.31938399342
2.9000000000000004,767.4999999999998,0.08974999999999997,0.6706136495127044,104565.58806336611,-80392.49691497648,198580.91340670254
2.9250000000000003,756.8749999999999,0.08793749999999997,0.6754700054376371,102580.45899695552,-80075.44564640128,192981.23238522184
2.95,746.25,0.08612499999999998,0.6803380784288056,100604.00147402748,-79708.69739767018,187501.51523759947
2.975,735.625,0.08431249999999998,0.6852129029995435,98637.43102681887,-79293.62740008866,182140.96633778245
3.0,725.0,0.08249999999999999,0.6900889002298947,96681.92966953132,-78831.57643953737,176898.75739858614
3.0250000000000004,714.3749999999998,0.08068749999999997,0.6949598079873759,94738.64680106236,-78323.84920233348,171774.02940985508
3.0500000000000003,703.7499999999999,0.07887499999999997,0.6998186026167516,92808.70015449182,-77771.71240574279,166765.89463947117
3.075,693.125,0.07706249999999998,0.7046574109436707,90893.17679948956,-77176.39268186933,161873.43870595505
3.1,682.5,0.07524999999999998,0.7094674112629289,88993.13420472223,-76539.07417842718,157095.72273266973
3.125,671.875,0.07343749999999999,0.7142387217789111,87109.60136839985,-75860.89583369718,152431.785595106
3.1500000000000004,661.2499999999998,0.07162499999999997,0.7189602747280465,85243.58002635904,-75142.94827558415,147880.64627445856
3.1750000000000003,650.6249999999999,0.06981249999999997,0.723619674134347,83396.04594854606,-74386.27028584917,143441.30633271995
3.2,640.0,0.06799999999999998,0.7282030348215518,81567.95033650096,-73591.84476000408,139112.75252689974
3.225,629.375,0.06618749999999998,0.7326947999194802,79760.22133649855,-72760.59408060779,134893.9595827862
3.25,618.75,0.06437499999999999,0.7370775336465171,77973.76568543573,-71893.37480632911,130783.89315198944
3.2750000000000004,608.1249999999998,0.06256249999999997,0.741331685610622,76209.47050946101,-70990.97156052159,126781.51297996345
3.3000000000000003,597.4999999999999,0.06074999999999998,0.7454353222308162,74468.20529880491,-70054.0899804315,122885.77631742261
3.325,586.875,0.05893749999999998,0.7493638201188146,72750.8240864271,-69083.34856058253,119095.6416132342
3.35,576.25,0.057124999999999995,0.7530895153505455,71058.16786309524,-68079.26919012851,115410.07253369858
3.375,565.625,0.0553125,0.7565813014680229,69391.06726754092,-67042.2661425115,111828.04236140287
3.4000000000000004,554.9999999999999,0.05349999999999997,0.7598041677440829,67750.34559765513,-65972.63322465573,108348.53883693628
3.4250000000000003,544.3749999999999,0.051687499999999977,0.7627186676670001,66136.8221975765,-64870.52872965005,104970.56951913972
3.45,533.7499999999999,0.04987499999999999,0.7652803056981298,64551.31628639286,-63735.95775822114,101693.16775487862
3.475,523.125,0.048062499999999994,0.7674388280471671,62994.65130750347,-62568.75137609923,98515.39936838984
3.5,512.5,0.04625,0.7691374004005874,61467.65989410407,-61368.54195120063,95436.37020415599
3.5250000000000004,501.8749999999999,0.04443749999999998,0.7703116521082747,59971.18956657808,-60134.73385931065,92455.2346874911
3.5500000000000003,491.2499999999999,0.04262499999999998,0.7708885621278987,58506.109302838326,-58866.4685502568,89571.20560552845
3.575,480.6249999999999,0.04081249999999999,0.7707851568507197,57073.317154241064,-57562.58271596981,86783.56536077398
3.6,470.0,0.03899999999999999,0.7699069835360561,55673.7491193664,-56221.55798062155,84091.67901342218
3.625,459.375,0.0371875,0.7681463151427708,54308.38953808719,-54841.460118580275,81495.00951213026
3.6500000000000004,448.7499999999999,0.035374999999999976,0.7653800324485952,52978.28333208106,-53419.865267294655,78993.13562258506
3.6750000000000003,438.1249999999999,0.03356249999999998,0.7614671169508727,51684.550499485194,-51953.76989661143,76585.773208018
3.7,427.49999999999994,0.03174999999999999,0.7562456724377177,50428.403376481925,-50439.48036359626,74272.80070814493
3.725,416.87499999999994,0.029937499999999992,0.7495293733761194,49211.16731506243,-48872.4766379331,72054.28991948812
3.75,406.25,0.028124999999999997,0.7411032131513454,48034.30560488797,-47247.24310602312,69930.5435231887
3.7750000000000004,395.62499999999983,0.026312499999999975,0.7307183930693426,46899.449703242695,-45557.05707598695,67902.1412665437
3.8000000000000003,384.9999999999999,0.02449999999999998,0.718086151699808,45808.436152048795,-43793.72245271658,65969.99732221643
3.825,374.37499999999994,0.022687499999999985,0.7028702806191466,44763.35198565185,-41947.2316491279,64135.43217874268
3.85,363.74999999999994,0.02087499999999999,0.6846780028627719,43766.5910123657,-40005.3325733962,62400.26353039961
3.875,353.125,0.0190625,0.663048798863081,42820.924152442574,-37952.96861515128,60766.92213199019
3.9000000000000004,342.49999999999983,0.017249999999999974,0.6374406436515927,41929.58813322,-35771.54662370173,59238.60059972547
3.9250000000000003,331.8749999999999,0.01543749999999998,0.6072129579198315,41096.398426398126,-33437.96889311739,57819.44586522175
3.95,321.24999999999994,0.013624999999999988,0.5716053590586203,40325.894588165844,-30923.336981788663,56514.80971335527
3.975,310.62499999999994,0.011812499999999993,0.5297110050370152,39623.529478859906,-28191.19283578798,55331.57701686005
4.0,300.0,0.01,0.4804429230362329,38995.91874200803,-25195.098255481524,54278.59871284004
