temperature_k,mole_fraction_h2o,own_kappa_planck_m-1,published_kappa_planck_m-1,relative_error_percent
400.0,0.02,0.5668400785312786,0.5434450848245981,4.304941632553632
400.0,0.05,1.417328157181858,1.3586127120614953,4.321720575635611
400.0,0.1,2.834875429976932,2.7172254241229905,4.329784522456918
400.0,0.15,4.252149935430363,4.075838136184486,4.325780204091408
400.0,0.2,5.669036788857141,5.434450848245981,4.3166448121777465
400.0,0.3,8.501668482014585,8.151676272368972,4.293499863726818
700.0,0.02,0.27991507106424757,0.17933827450148943,56.082170324396
700.0,0.05,0.7002740995792535,0.44834568625372356,56.19066293033563
700.0,0.1,1.401491563873814,0.8966913725074471,56.295867992437316
700.0,0.15,2.1028953756144477,1.3450370587611706,56.344790793444226
700.0,0.2,2.8042209587559332,1.7933827450148943,56.36489012459211
700.0,0.3,4.206556240515829,2.6900741175223413,56.37324686021011
1000.0,0.02,0.18855394513170537,0.08847013988569534,113.12721487195535
1000.0,0.05,0.47160099977881215,0.22117534971423836,113.22493686033604
1000.0,0.1,0.943879739758901,0.4423506994284767,113.37815018228905
1000.0,0.15,1.4163923022046743,0.6635260491427151,113.46446066958077
1000.0,0.2,1.8888934810099949,0.8847013988569534,113.50632919202701
1000.0,0.3,2.8336051190465903,1.3270520982854301,113.52629054335152
1300.0,0.02,0.1383929881355333,0.05260942300720293,163.0574148600441
1300.0,0.05,0.3460290401315375,0.13152355751800732,163.09282280793047
1300.0,0.1,0.6924938341436795,0.26304711503601463,163.25847901767253
1300.0,0.15,1.039211571664526,0.39457067255402195,163.37780376270726
1300.0,0.2,1.3859411211730073,0.5260942300720293,163.4397113580306
1300.0,0.3,2.0792424157883285,0.7891413451080439,163.48162197782867
1600.0,0.02,0.10329528927443646,0.03486700277590745,196.2551439775944
1600.0,0.05,0.2582400598513993,0.08716750693976863,196.25725103029401
1600.0,0.1,0.5167906870714277,0.17433501387953726,196.43539503115647
1600.0,0.15,0.775543015512519,0.2615025208193059,196.5719080193521
1600.0,0.2,1.0343342870916015,0.3486700277590745,196.65133356581774
1600.0,0.3,1.5518276172714403,0.5230050416386118,196.71370134587124
1900.0,0.02,0.07673965809329812,0.024806069441271634,209.3583942227496
1900.0,0.05,0.19184968681480852,0.06201517360317909,209.35926752767116
1900.0,0.1,0.3839391112093327,0.12403034720635818,209.55255698070866
1900.0,0.15,0.5761777003230201,0.18604552080953726,209.69716326192975
1900.0,0.2,0.76845164340351,0.24806069441271636,209.78371854630944
1900.0,0.3,1.1529489020107577,0.3720910416190745,209.85666760316167
2200.0,0.02,0.056603063231032466,0.018553384329319317,205.08214688133458
2200.0,0.05,0.1415225778982987,0.0463834608232983,205.11431313295245
2200.0,0.1,0.2832386418426027,0.0927669216465966,205.32288537246518
2200.0,0.15,0.42506300598282354,0.1391503824698949,205.47023905937573
2200.0,0.2,0.5669091317915685,0.1855338432931932,205.55564512060482
2200.0,0.3,0.8505707633417231,0.2783007649397898,205.63004867260915
